"ID","Name","RA","DEC","Obj. Type","Redshift","Host Name","Host Redshift","Discovering Group/s","Classifying Group/s","Associated Group/s","Disc. Internal Name","Disc. Instrument/s","Class. Instrument/s","TNS AT","Public","End Prop. Period","Discovery Mag","Discovery Mag Filter","Discovery Date (UT)","Sender","Remarks","Ext. catalog/s"
"45547","SN 2019qyl","00:54:57.680","-37:38:40.01","SN IIn","0.00048","NGC0300","","DLT40, ATLAS","DLT40","ATLAS; DLT40","DLT19m","Other - Other, ATLAS1 - ACAM1","Gemini-S - GMOS-S","1","1","","17.072","Clear-","2019-09-26 05:29:49","DLT40_bot1","",""
"43273","SN 2019npx","20:32:52.075","-12:51:00.17","SN IIn","0.057","","","ZTF, ATLAS, Pan-STARRS1","ePESSTO+","ATLAS; Pan-STARRS1; ZTF","ZTF19abpvbzf","P48 - ZTF-Cam, ATLAS1 - ACAM1, PS1 - GPC1","ESO-NTT - EFOSC2-NTT","1","1","","18.62","g-ZTF","2019-08-16 06:04:16","ZTF_AMPEL_NEW","",""
"42559","SN 2019mom","01:55:36.528","+53:35:30.82","SN IIn","0.0488","","","ZTF, ATLAS","ZTF","ATLAS; ZTF","ZTF19ablojrw","P48 - ZTF-Cam, ATLAS1 - ACAM1","P200 - DBSP","1","1","","20.56","r-ZTF","2019-07-29 11:49:55","ZTF_Bot1","",""
"42238","SN 2019mce","15:02:36.070","+05:09:22.97","SN IIn","0.072","","","ATLAS, GaiaAlerts, ZTF","ZTF","ATLAS; GaiaAlerts; ZTF","ATLAS19qsu","ATLAS1 - ACAM1, Gaia - Gaia-photometric, P48 - ZTF-Cam","P200 - DBSP","1","1","","19.518","cyan-ATLAS","2019-07-30 07:33:36","ATLAS_Bot1","",""
"42026","SN 2019lub","20:23:00.754","-49:31:14.95","SN IIn","0.066","","","ATLAS","ePESSTO+","ATLAS","ATLAS19pvd","ATLAS1 - ACAM1","ESO-NTT - EFOSC2-NTT","1","1","","18.801","orange-ATLAS","2019-07-25 09:34:33","ATLAS_Bot1","",""
"41774","SN 2019lkr","16:05:07.980","+73:35:03.95","SN IIn","0.03","","","ZTF, ATLAS, GaiaAlerts","TCD, ZTF","ATLAS; GaiaAlerts; ZTF","ZTF19abgndlf","P48 - ZTF-Cam, ATLAS1 - ACAM1, Gaia - Gaia-photometric","LT - SPRAT, P60 - SEDM","1","1","","18.78","g-ZTF","2019-07-16 04:46:36","ZTF_AMPEL_NEW","","TESS-Sector14"
"41338","SN 2019kud","14:44:29.730","+33:59:10.03","SN IIn","0.032412","","","ATLAS, ZTF, GaiaAlerts","ZTF","ATLAS; GaiaAlerts; ZTF","ATLAS19orj","ATLAS1 - ACAM1, P48 - ZTF-Cam, Gaia - Gaia-photometric","P60 - SEDM","1","1","","18.977","orange-ATLAS","2019-07-07 08:34:04","ATLAS_Bot1","",""
"41276","SN 2019krt","16:52:54.760","+20:43:03.54","SN IIn","0.03","","","ZTF, Pan-STARRS1, GaiaAlerts","ZTF","GaiaAlerts; Pan-STARRS1; ZTF","ZTF19abdviwl","P48 - ZTF-Cam, PS1 - GPC1, Gaia - Gaia-photometric","P60 - SEDM","1","1","","19.05","r-ZTF","2019-07-05 07:34:29","ZTF_AMPEL_NEW","",""
"40933","SN 2019kep","01:10:20.430","-09:34:29.06","SN IIn","0.02388","","","ATLAS, ZTF, GaiaAlerts, Pan-STARRS1","ZTF","ATLAS; GaiaAlerts; Pan-STARRS1; ZTF","ATLAS19oil","ATLAS1 - ACAM1, P48 - ZTF-Cam, Gaia - Gaia-photometric, PS1 - GPC1","P200 - DBSP","1","1","","18.049","cyan-ATLAS","2019-07-02 14:13:55","ATLAS_Bot1","",""
"40779","SN 2019jys","00:15:25.650","-14:15:13.73","SN IIn","0.083","","","ZTF, Pan-STARRS1","ZTF","Pan-STARRS1; ZTF","ZTF19abcejfo","P48 - ZTF-Cam, PS1 - GPC1","P60 - SEDM","1","1","","18.11","r-ZTF","2019-06-28 10:36:32","ZTF_AMPEL_COMPLETE","",""
"39591","SN 2019ifr","21:59:18.542","-06:59:37.80","SN IIn","0.058093","","","ATLAS, Pan-STARRS1","TCD","ATLAS; Pan-STARRS1","ATLAS19nue","ATLAS1 - ACAM1, PS1 - GPC1","LT - SPRAT","1","1","","19.144","orange-ATLAS","2019-06-26 13:03:21","ATLAS_Bot1","",""
"39467","SN 2019iay","13:21:04.940","+08:10:06.62","SN IIn","0.0406","","","ZTF, ATLAS","ZTF","ATLAS; ZTF","ZTF19abandzh","P48 - ZTF-Cam, ATLAS1 - ACAM1","P60 - SEDM","1","1","","19.05","r-ZTF","2019-06-24 04:11:59","ZTF_Bot1","",""
"38656","SN 2019gvy","09:28:17.010","+26:19:36.44","SN IIn","0.045432","","","ZTF, GaiaAlerts, ATLAS","ZTF","ATLAS; GaiaAlerts; ZTF","ZTF19aaxeaag","P48 - ZTF-Cam, Gaia - Gaia-photometric, ATLAS1 - ACAM1","","1","1","","18.54","r-ZTF","2019-06-04 04:23:11","ZTF_AMPEL_NEW","",""
"38337","SN 2019gjs","14:58:57.170","+20:03:10.62","SN IIn","0.043","","","Pan-STARRS1, ZTF, ATLAS, GaiaAlerts","ZTF","ATLAS; GaiaAlerts; Pan-STARRS1; ZTF","PS19axh","PS1 - GPC1, P48 - ZTF-Cam, ATLAS1 - ACAM1, Gaia - Gaia-photometric","P60 - SEDM","1","1","","21.01","w-PS1","2019-05-29 10:56:38","PS1_Bot1","",""
"37456","SN 2019fcg","21:30:28.510","-32:36:44.28","SN IIn","0.055","2MASX J21302854-3236436","","ASAS-SN, ATLAS, GaiaAlerts","ePESSTO+","ASAS-SN; ATLAS; GaiaAlerts","ASASSN-19mk","ASASSN-2 - Cassius, ASASSN-3 - Paczynski, ATLAS1 - ACAM1, Gaia - Gaia-photometric","ESO-NTT - EFOSC2-NTT","1","1","","17.2","g-Sloan","2019-05-12 08:52:48","Stanek","",""
"37188","SN 2019esa","07:55:00.950","-76:24:43.06","SN IIn","0.005891","ESO 035- G 018","0.005891","DLT40, GaiaAlerts, MASTER","Global SN Project","DLT40; GaiaAlerts; MASTER","","Other - Other, Gaia - Gaia-photometric","FTS - FLOYDS-S","1","1","","17.2","r-Sloan","2019-05-06 03:41:45","Sand","",""
"37001","SN 2019ekv","16:20:21.569","-14:04:05.11","SN IIn","0.048","","","ZTF","ZTF","ZTF","ZTF19aarxrem","P48 - ZTF-Cam","","1","1","","18.77","r-ZTF","2019-04-25 08:54:14","ZTF_Bot1","",""
"36965","SN 2019ejp","14:08:28.588","+29:16:11.10","SN IIn","0.118","","","ZTF, ATLAS, GaiaAlerts, Pan-STARRS1","ePESSTO+","ATLAS; GaiaAlerts; Pan-STARRS1; ZTF","ZTF19aasekcx","P48 - ZTF-Cam, ATLAS1 - ACAM1, Gaia - Gaia-photometric, PS1 - GPC1","ESO-NTT - EFOSC2-NTT","1","1","","19.5","r-ZTF","2019-04-29 06:28:18","ZTF_AMPEL_NEW","",""
"36711","SN 2019dzw","17:31:09.957","-08:27:02.60","SN IIn","0.028","","","ZTF","ePESSTO+","ZTF","ZTF19aarzaod","P48 - ZTF-Cam","ESO-NTT - EFOSC2-NTT","1","1","","20.47","g-ZTF","2019-04-25 10:27:50","ZTF_Bot1","",""
"36604","SN 2019dvv","12:23:17.770","+19:43:23.27","SN IIn","0.0305","","","ZTF, GaiaAlerts, ATLAS","ZTF","ATLAS; GaiaAlerts; ZTF","ZTF19aapzbjr","P48 - ZTF-Cam, Gaia - Gaia-photometric, ATLAS1 - ACAM1","P200 - DBSP","1","1","","19.66","g-ZTF","2019-04-23 05:28:03","ZTF_AMPEL_COMPLETE","",""
"36395","SN 2019dnz","19:48:31.477","+02:54:49.50","SN IIn","0.025","","","ZTF, ATLAS","TCD, ZTF","ATLAS; ZTF","ZTF19aaqasrq","P48 - ZTF-Cam, ATLAS1 - ACAM1","LT - SPRAT, P60 - SEDM","1","1","","18.56","r-ZTF","2019-04-12 10:36:28","ZTF_Bot1","",""
"36108","SN 2019dde","14:28:12.040","-01:36:14.99","SN IIn","0.057","","","ZTF, MASTER, Pan-STARRS1","ZTF, None","MASTER; Pan-STARRS1; ZTF","ZTF19aaozsuh","P48 - ZTF-Cam, Other - Other, PS1 - GPC1","P60 - SEDM, SOAR - Goodman","1","1","","18.11","g-ZTF","2019-04-09 06:33:00","ZTF_AMPEL_NEW","",""
"35856","SN 2019ctt","10:00:42.285","+12:02:23.34","SN IIn","0.046","","","ZTF","SCAT, ZTF","ZTF","ZTF19aanfqug","P48 - ZTF-Cam","UH88 - SNIFS","1","1","","19.31","g-ZTF","2019-03-30 05:00:25","ZTF_AMPEL_COMPLETE","",""
"35779","SN 2019cqw","09:06:16.335","+67:30:50.08","SN IIn","0.049","","","ZTF","SCAT","ZTF","ZTF19aanqzhm","P48 - ZTF-Cam","UH88 - SNIFS","1","1","","18.94","g-ZTF","2019-03-30 04:46:26","ZTF_AMPEL_NEW","",""
"35342","SN 2019cbc","18:06:09.172","+65:20:46.91","SN IIn","0.02","","","ZTF, ATLAS, GaiaAlerts, Pan-STARRS1","Padova-Asiago","ATLAS; GaiaAlerts; Pan-STARRS1; ZTF","ZTF19aamljom","P48 - ZTF-Cam, ATLAS1 - ACAM1, Gaia - Gaia-photometric, PS1 - GPC1","Ekar - AFOSC","1","1","","16.78","r-ZTF","2019-03-15 12:38:52","ZTF_Bot1","",""
"35315","SN 2019cac","13:50:43.901","-02:30:25.01","SN IIn","0.0467","","","ZTF, ATLAS, Pan-STARRS1","ZTF","ATLAS; Pan-STARRS1; ZTF","ZTF19aaksxgp","P48 - ZTF-Cam, ATLAS1 - ACAM1, PS1 - GPC1","P60 - SEDM","1","1","","19.51","g-ZTF","2019-02-12 11:25:26","ZTF_Bot1","",""
"35301","SN 2019bzq","14:01:38.386","+14:24:54.97","SN IIn","0.285","","","ZTF, ATLAS","ePESSTO","ATLAS; ZTF","ZTF19aailptb","P48 - ZTF-Cam, ATLAS1 - ACAM1","ESO-NTT - EFOSC2-NTT","1","1","","19.8162","g-ZTF","2019-02-08 11:18:08","Nordin","",""
"35249","SN 2019bxq","16:57:58.508","+78:36:13.58","SN IIn","0.014","","","ZTF, Pan-STARRS1","ZTF","Pan-STARRS1; ZTF","ZTF19aamkmxv","P48 - ZTF-Cam, PS1 - GPC1","P200 - DBSP","1","1","","18.32","r-ZTF","2019-03-15 08:52:34","ZTF_AMPEL_NEW","",""
"35208","SN 2019bwb","10:48:26.400","-45:41:31.20","SN IIn","0.02","","","ATLAS, GaiaAlerts","ePESSTO","ATLAS; GaiaAlerts","ATLAS19dzi","ATLAS1 - ACAM1, Gaia - Gaia-photometric","ESO-NTT - EFOSC2-NTT","1","1","","18.285","orange-ATLAS","2019-03-17 10:01:55","ATLAS_Bot1","",""
"34250","SN 2019alr","23:40:07.160","+16:29:04.31","SN IIn","0.083","","","GaiaAlerts, ATLAS, ZTF, Pan-STARRS1","ZTF","ATLAS; GaiaAlerts; Pan-STARRS1; ZTF","Gaia19aky","Gaia - Gaia-photometric, ATLAS1 - ACAM1, P48 - ZTF-Cam, PS1 - GPC1","P60 - SEDM","1","1","","18.92","G-Gaia","2019-02-02 07:26:24","Gaia_Bot1","",""
"33724","SN 2019rz","06:50:25.817","+43:03:11.58","SN IIn","0.018853","UGC 03554","0.018853","ASAS-SN, ZTF, ATLAS","Padova-Asiago","ASAS-SN; ATLAS; ZTF","ASASSN-19av","ASASSN-1 - Brutus, P48 - ZTF-Cam, ATLAS1 - ACAM1","Ekar - AFOSC","1","1","","17.4","g-Sloan","2019-01-14 09:50:24","Stanek","",""
"33691","SN 2019qt","14:59:10.650","+43:49:11.68","SN IIn","0.035","","","ZTF, ATLAS, GaiaAlerts, Pan-STARRS1","SCAT","ATLAS; GaiaAlerts; Pan-STARRS1; ZTF","ZTF19aadgimr","P48 - ZTF-Cam, ATLAS1 - ACAM1, Gaia - Gaia-photometric, PS1 - GPC1","UH88 - SNIFS","1","1","","17.82","g-ZTF","2019-01-08 12:18:06","ZTF_AMPEL_NEW","",""
"33525","SN 2019lr","08:12:34.850","-20:27:38.46","SN IIn","0.054","","","ATLAS, ZTF","None","ATLAS; ZTF","ATLAS19anu","ATLAS1 - ACAM1, P48 - ZTF-Cam","LT - SPRAT","1","1","","19.093","cyan-ATLAS","2019-01-02 12:43:12","ATLAS_Bot1","",""
"33314","SN 2019el","00:02:56.707","+32:32:52.13","SN IIn","0.0005","","","MASTER, ZTF","None","MASTER; ZTF","MASTER OT J000256.70+323252.3","Other - Other, P48 - ZTF-Cam","Lijiang-2.4m - YFOSC","1","1","","17.4","Clear-","2019-01-02 15:29:31","MASTER","",""
"34139","SN 2018lmy","18:24:27.780","+46:37:09.52","SN IIn","0.052","","","GaiaAlerts, ZTF, Pan-STARRS1","SCAT","GaiaAlerts; Pan-STARRS1; ZTF","Gaia19aim","Gaia - Gaia-photometric, P48 - ZTF-Cam, PS1 - GPC1","UH88 - SNIFS","1","1","","17.85","G-Gaia","2018-12-21 22:46:33","Gaia_Bot1","",""
"33018","SN 2018leh","04:05:03.306","+25:15:42.93","SN IIn","0.02396","UGC 2949","0.024","SNHunt, ZTF, ATLAS","ZTF","ATLAS; CRTS; SNHunt; ZTF","","Other - Other, P48 - ZTF-Cam, ATLAS1 - ACAM1","","1","1","","19","V-crts-CRTS","2018-12-31 02:44:56","Drake","",""
"32875","SN 2018kyv","13:01:04.970","+26:21:03.85","SN IIn","0.094","","","ZTF, ATLAS, GaiaAlerts","ZTF","ATLAS; GaiaAlerts; ZTF","ZTF18aczuooo","P48 - ZTF-Cam, ATLAS1 - ACAM1, Gaia - Gaia-photometric","P200 - DBSP","1","1","","19.05","g-ZTF","2018-12-28 12:58:58","ZTF_AMPEL_NEW","",""
"32424","SN 2018khn","08:56:18.004","+52:32:57.92","SN IIn","0.091","","","ZTF, Pan-STARRS1, ATLAS","ZTF","ATLAS; Pan-STARRS1; ZTF","ZTF18acvgjqv","P48 - ZTF-Cam, PS1 - GPC1, ATLAS1 - ACAM1","P200 - DBSP","1","1","","19.47","g-ZTF","2018-12-12 11:24:33","ZTF_AMPEL_NEW","",""
"32418","SN 2018khh","22:03:15.990","-55:58:36.44","SN IIn","0.023","2MASX J22031497-5558516","0.0229","ASAS-SN, GaiaAlerts","None","ASAS-SN; GaiaAlerts","ASASSN-18abz","ASASSN-2 - Cassius, ASASSN-3 - Paczynski, Gaia - Gaia-photometric","SOAR - Goodman","1","1","","16.3","g-Sloan","2018-12-20 00:57:36","Stanek","",""
"32235","SN 2018kag","08:55:48.476","+03:38:29.51","SN IIn","0.02736","SDSS J085548.84+033827.9","0.027209","ASAS-SN, ATLAS, ZTF","None, ZTF","ASAS-SN; ATLAS; ZTF","ASASSN-18abt","ASASSN-2 - Cassius, ASASSN-5 - Payne-Gaposchkin, ATLAS1 - ACAM1, P48 - ZTF-Cam","LT - SPRAT, P60 - SEDM","1","1","","17.2","g-Sloan","2018-12-17 01:40:48","Stanek","",""
"31641","SN 2018jdo","02:17:48.710","+35:48:29.14","SN IIn","0.039","","","ATLAS, ZTF","ZTF","ATLAS; ZTF","ATLAS18znn","ATLAS1 - ACAM1, P48 - ZTF-Cam","","1","1","","18.709","orange-ATLAS","2018-11-27 09:47:31","ATLAS_Bot1","",""
"31064","SN 2018ihm","18:44:14.010","+32:07:39.00","SN IIn","0.055","","","ATLAS, ZTF, GaiaAlerts","ZTF","ATLAS; GaiaAlerts; ZTF","ATLAS18yrh","ATLAS1 - ACAM1, P48 - ZTF-Cam, Gaia - Gaia-photometric","","1","1","","18.32","cyan-ATLAS","2018-11-09 05:52:48","ATLAS_Bot1","",""
"30857","SN 2018hzn","10:10:27.840","+15:21:50.83","SN IIn","0.083","","","GaiaAlerts, ZTF","ZTF","GaiaAlerts; ZTF","Gaia18dho","Gaia - Gaia-photometric, P48 - ZTF-Cam","","1","1","","19.47","G-Gaia","2018-10-16 18:53:16","Gaia_Bot1","",""
"30664","SN 2018hse","03:50:06.280","-11:00:12.28","SN IIn","0.13","","","ZTF, ATLAS, Pan-STARRS1, GaiaAlerts","ZTF","ATLAS; GaiaAlerts; Pan-STARRS1; ZTF","ZTF18acbvhfl","P48 - ZTF-Cam, ATLAS1 - ACAM1, PS1 - GPC1, Gaia - Gaia-photometric","","1","1","","20.66","g-ZTF","2018-10-06 09:28:48","ZTF_Bot1","",""
"30661","SN 2018hsb","01:18:00.213","+02:03:27.65","SN IIn","0.136","","","ZTF, Pan-STARRS1","ZTF","Pan-STARRS1; ZTF","ZTF18abuicad","P48 - ZTF-Cam, PS1 - GPC1","","1","1","","20.01","g-ZTF","2018-09-10 09:05:45","ZTF_Bot1","",""
"30582","SN 2018hpb","22:01:34.510","-17:27:45.18","SN IIn","0.0177","","","ATLAS, GaiaAlerts, ZTF","ASAS-SN","ATLAS; GaiaAlerts; ZTF","ATLAS18yaz","ATLAS1 - ACAM1, Gaia - Gaia-photometric, P48 - ZTF-Cam","MDM-2.4 - OSMOS","1","1","","17.149","orange-ATLAS","2018-10-25 08:55:40","ATLAS_Bot1","",""
"30325","SN 2018hfg","08:52:56.190","+42:24:46.48","SN IIn","0.023863","UGC 04642","0.023863","ASAS-SN, ATLAS, GaiaAlerts, Pan-STARRS1, ZTF","TNTS, Padova-Asiago, LOSS","ASAS-SN; ATLAS; GaiaAlerts; Pan-STARRS1; ZTF","ASASSN-18xk","ASASSN-4 - Leavitt, ATLAS1 - ACAM1, Gaia - Gaia-photometric, PS1 - GPC1, P48 - ZTF-Cam","BAO-2.16m - Cassegrain, Lick-3m - KAST","1","1","","16.9","g-Sloan","2018-10-09 11:45:36","Stanek","",""
"30073","SN 2018gwa","07:20:16.740","+41:20:47.87","SN IIn","0.0659","","","ZTF, GaiaAlerts","ZTF","GaiaAlerts; ZTF","ZTF18abxbhov","P48 - ZTF-Cam, Gaia - Gaia-photometric","P200 - DBSP","1","1","","19.93","r-ZTF","2018-09-16 11:11:02","ZTF_Bot1","",""
"29766","SN 2018gkf","07:53:11.880","+23:39:06.23","SN IIn","0.0819","","","ZTF, GaiaAlerts, Pan-STARRS1","ZTF","GaiaAlerts; Pan-STARRS1; ZTF","ZTF18abvgjgb","P48 - ZTF-Cam, Gaia - Gaia-photometric, PS1 - GPC1","","1","1","","18.69","r-ZTF","2018-09-11 12:23:02","ZTF_Bot1","",""
"29654","SN 2018gfx","02:33:11.524","-01:18:20.41","SN IIn","0.0503","","","ZTF, ATLAS","ePESSTO, ZTF","ATLAS; ZTF","ZTF18abtswjk","P48 - ZTF-Cam, ATLAS1 - ACAM1","ESO-NTT - EFOSC2-NTT, P60 - SEDM","1","1","","18.95","g-ZTF","2018-09-08 11:25:26","ZTF_Bot1","",""
"29605","SN 2018gea","00:56:20.696","-09:34:59.94","SN IIn","0.103","","","ATLAS, Pan-STARRS1","ePESSTO","ATLAS; Pan-STARRS1","ATLAS18uxz","ATLAS1 - ACAM1, PS1 - GPC1","ESO-NTT - EFOSC2-NTT","1","1","","18.652","orange-ATLAS","2018-09-09 13:19:12","ATLAS_Bot1","",""
"28920","SN 2018fdt","17:04:44.330","+38:14:08.02","SN IIn","0.055","","","ATLAS, GaiaAlerts","ZTF","ATLAS; GaiaAlerts","ATLAS18tuy","ATLAS1 - ACAM1, Gaia - Gaia-photometric","","1","1","","19.458","cyan-ATLAS","2018-08-14 08:22:33","ATLAS_Bot1","",""
"28609","SN 2018eru","12:20:27.807","+41:47:34.41","SN IIn","0.03069","","","ZTF","ZTF","ZTF","ZTF18ablqehq","P48 - ZTF-Cam","","1","1","","19.05","g-ZTF","2018-08-06 04:19:12","ZTF_Bot1","",""
"28114","SN 2018dyv","19:43:17.290","-54:34:14.38","SN IIn","0.041","2MASX J19431917-5434257","0.039841","ASAS-SN, GaiaAlerts","None","ASAS-SN; GaiaAlerts","ASASSN-18pi","ASASSN-2 - Cassius, ASASSN-3 - Paczynski, Gaia - Gaia-photometric","SOAR - Goodman","1","1","","18.2","g-Sloan","2018-07-14 02:24:00","Chen","",""
"27342","SN 2018cvk","19:55:32.000","-49:53:11.54","SN IIn","0.024","ESO 233- G 007","0.02473","ASAS-SN, GaiaAlerts","None","ASAS-SN; GaiaAlerts","ASASSN-18nx","ASASSN-3 - Paczynski, Gaia - Gaia-photometric","SOAR - Goodman","1","1","","18.2","g-Sloan","2018-06-25 09:41:37","Dong","",""
"27288","SN 2018ctj","14:31:14.968","+17:11:34.79","SN IIn","0.0378","","","ZTF, Pan-STARRS1","ZTF","Pan-STARRS1; ZTF","ZTF18aamftst","P48 - ZTF-Cam, PS1 - GPC1","","1","1","","20.35","r-ZTF","2018-04-21 08:36:57","ZTF_Bot1","",""
"27143","SN 2018cnv","22:49:27.991","-24:23:00.49","SN IIn","0.047","","","ATLAS, Pan-STARRS1","None","ATLAS; Pan-STARRS1","ATLAS18qjm","ATLAS1 - ACAM1, PS1 - GPC1","SOAR - Goodman","1","1","","18.157","cyan-ATLAS","2018-06-12 13:59:31","ATLAS_Bot1","",""
"27127","SN 2018cnf","23:39:31.269","-03:08:55.25","SN IIn","0.0237","2MASX J23393156-0308565","0.023763","ASAS-SN, ATLAS","ZTF","ASAS-SN; ATLAS","ASASSN-18mr","ASASSN-5 - Payne-Gaposchkin, ASASSN-3 - Paczynski, ATLAS1 - ACAM1","P60 - SEDM","1","1","","17.7","g-Sloan","2018-06-14 08:09:36","Stanek","",""
"27013","SN 2018civ","15:31:14.040","+16:53:33.72","SN IIn","0.026","","","ZTF, Pan-STARRS1, GaiaAlerts","ZTF","GaiaAlerts; Pan-STARRS1; ZTF","ZTF18aaxxfgs","P48 - ZTF-Cam, PS1 - GPC1, Gaia - Gaia-photometric","","1","1","","19.25","r-ZTF","2018-06-04 07:36:28","ZTF_Bot1","",""
"26999","SN 2018cih","12:32:29.340","+04:53:20.22","SN IIn","0.0828","","","ZTF, Pan-STARRS1, GaiaAlerts, ATLAS","ZTF","ATLAS; GaiaAlerts; Pan-STARRS1; ZTF","ZTF18aaxjuwy","P48 - ZTF-Cam, PS1 - GPC1, Gaia - Gaia-photometric, ATLAS1 - ACAM1","","1","1","","18.83","r-ZTF","2018-06-05 04:43:40","ZTF_Bot1","",""
"26686","SN 2018bwr","15:28:26.170","+08:48:22.14","SN IIn","0.046","","","ATLAS, ZTF, Pan-STARRS1, GaiaAlerts","ZTF","ATLAS; GaiaAlerts; Pan-STARRS1; ZTF","ATLAS18ppb","ATLAS1 - ACAM1, P48 - ZTF-Cam, PS1 - GPC1, Gaia - Gaia-photometric","","1","1","","18.585","cyan-ATLAS","2018-05-21 10:58:04","ATLAS_Bot1","",""
"26669","SN 2018bwa","19:19:34.718","+44:02:02.22","SN IIn","0.0475","","","ZTF","ZTF","ZTF","ZTF18aauenwu","P48 - ZTF-Cam","","1","1","","19.03","g-ZTF","2018-05-14 10:36:28","ZTF_Bot1","",""
"26240","SN 2018bih","18:30:43.850","+42:21:44.35","SN IIn","0.044","","","ATLAS, GaiaAlerts, Pan-STARRS1, ZTF","ZTF","ATLAS; GaiaAlerts; Pan-STARRS1; ZTF","ATLAS18ofo","ATLAS1 - ACAM1, Gaia - Gaia-photometric, PS1 - GPC1, P48 - ZTF-Cam","","1","1","","18.919","orange-ATLAS","2018-05-06 13:46:33","ATLAS_Bot1","",""
"26181","SN 2018bga","14:56:20.238","+21:03:44.65","SN IIn","0.0453","","","ZTF, ATLAS, GaiaAlerts, Pan-STARRS1","ZTF","ATLAS; GaiaAlerts; Pan-STARRS1; ZTF","ZTF18aakrnvd","P48 - ZTF-Cam, ATLAS1 - ACAM1, Gaia - Gaia-photometric, PS1 - GPC1","P200 - DBSP","1","1","","20.07","r-ZTF","2018-04-18 07:04:48","ZTF_Bot1","",""
"25929","SN 2018awp","00:16:14.090","-31:37:02.86","SN IIn","0.07","","","GaiaAlerts, ATLAS","ePESSTO","ATLAS; GaiaAlerts","Gaia18azt","Gaia - Gaia-photometric, ATLAS1 - ACAM1","ESO-NTT - EFOSC2-NTT","1","1","","17.13","G-Gaia","2018-04-19 03:57:36","Gaia_Bot1","",""
"25849","SN 2018atq","11:47:04.098","+19:33:04.29","SN IIn","0.17","SDSS J114704.04+193303.0","","TNTS, ATLAS, ZTF","ePESSTO","ATLAS; TNTS; ZTF","","BAO-0.6m - BATC, ATLAS1 - ACAM1, P48 - ZTF-Cam","ESO-NTT - EFOSC2-NTT","1","1","","18.28","Clear-","2018-04-11 14:46:04","li","",""
"25768","SN 2018aqn","13:33:52.560","-37:43:58.91","SN IIn","0.024","ESO 383- G 019 ","0.024587","ASAS-SN, ATLAS, GaiaAlerts","ePESSTO","ASAS-SN; ATLAS; GaiaAlerts","ASASSN-18hf","ASASSN-3 - Paczynski, ATLAS1 - ACAM1, Gaia - Gaia-photometric","ESO-NTT - EFOSC2-NTT","1","1","","17.05","g-Sloan","2018-04-07 08:09:36","Stanek","",""
"24086","SN 2017jfs","12:29:37.790","+07:49:35.18","SN IIn","0.008","","","GaiaAlerts, Pan-STARRS1","ePESSTO","GaiaAlerts; Pan-STARRS1","Gaia17dkh","Gaia - Gaia-photometric, PS1 - GPC1","ESO-NTT - EFOSC2-NTT","1","1","","17.17","G-Gaia","2017-12-26 03:05:45","Gaia_Bot1","",""
"23474","SN 2017ijn","09:41:30.920","-11:11:58.20","SN IIn","0.05","","","ATLAS, GaiaAlerts","None","ATLAS; GaiaAlerts","ATLAS17nhp","ATLAS1 - ACAM1, Gaia - Gaia-photometric","SOAR - Goodman","1","1","","18.224","orange-ATLAS","2017-11-15 13:30:43","ATLAS_Bot1","",""
"22605","SN 2017hcd","01:42:51.850","+31:28:56.57","SN IIn","0.035","","","ATLAS, Pan-STARRS1, GaiaAlerts, SKYS","None","ATLAS; GaiaAlerts; Pan-STARRS1; SKYS","ATLAS17lui","ATLAS1 - ACAM1, PS1 - GPC1, Gaia - Gaia-photometric, Other - Other","Other - Other","1","1","","18.634","orange-ATLAS","2017-10-01 11:32:38","ATLAS_Bot1","",""
"22604","SN 2017hcc","00:03:50.590","-11:28:28.60","SN IIn","0.0173","","","ATLAS, GaiaAlerts, Pan-STARRS1","ASAS-SN","ATLAS; GaiaAlerts; Pan-STARRS1","ATLAS17lsn","ATLAS1 - ACAM1, Gaia - Gaia-photometric, PS1 - GPC1","FTS - FLOYDS-S","1","1","","17.444","orange-ATLAS","2017-10-02 09:04:19","ATLAS_Bot1","",""
"22421","SN 2017gvb","08:04:42.380","+61:31:38.53","SN IIn","0.030344","","","ATLAS, GaiaAlerts, DLT40","NUTS","ATLAS; DLT40; GaiaAlerts","ATLAS17ldj","ATLAS1 - ACAM1, Gaia - Gaia-photometric, Other - Other","NOT - ALFOSC","1","1","","17.79","orange-ATLAS","2017-09-18 14:54:14","ATLAS_Bot1","",""
"22313","SN 2017gra","03:17:31.690","-35:09:07.49","SN IIn","0.0658","","","GaiaAlerts","ASAS-SN","GaiaAlerts","Gaia17cha","Gaia - Gaia-photometric","LCO-duPont - WFCCD","1","1","","17.28","G-Gaia","2017-09-07 11:42:43","Gaia_Bot1","",""
"22041","SN 2017gir","01:39:44.860","-23:15:17.17","SN IIn","0.164","","","ATLAS, Pan-STARRS1, GaiaAlerts","ePESSTO","ATLAS; GaiaAlerts; Pan-STARRS1","ATLAS17jsb","ATLAS1 - ACAM1, PS1 - GPC1, Gaia - Gaia-photometric","ESO-NTT - EFOSC2-NTT","1","1","","18.27","orange-ATLAS","2017-08-14 14:19:40","ATLAS_Bot1","",""
"22020","SN 2017ghw","23:57:34.754","+02:05:11.18","SN IIn","0.076","","","SkyMapper","ePESSTO","SkyMapper","SMT17srp","SkyMapper - SM-WFCam","ESO-NTT - EFOSC2-NTT","1","1","","18.62","r-SM-SkyMapper","2017-08-25 16:09:07","smt_bot","",""
"21993","SN 2017ggv","22:54:28.720","-13:31:51.02","SN IIn","0.025","2MASX J22542882-1331524 ","","PTSS, GaiaAlerts, Pan-STARRS1","ePESSTO","GaiaAlerts; Pan-STARRS1; PTSS","PTSS-17uqh","CNEOST - STA1600, Gaia - Gaia-photometric, PS1 - GPC1","ESO-NTT - EFOSC2-NTT","1","1","","17.3","i-Sloan","2017-08-22 16:32:31","Li","",""
"21834","SN 2017gas","20:17:11.360","+58:12:08.10","SN IIn","0.01","2MASX J20171114+5812094","","ASAS-SN, GaiaAlerts, Pan-STARRS1","DAO_OTS, ASAS-SN","ASAS-SN; GaiaAlerts; Pan-STARRS1","ASASSN-17kr","ASASSN-1 - Brutus, Gaia - Gaia-photometric, PS1 - GPC1","Plaskett - Plaskett, P200 - DBSP","1","1","","16.9","V-Johnson","2017-08-10 09:36:00","Stanek","",""
"21191","SN 2017fck","05:19:54.370","-56:11:08.48","SN IIn","0.09442","","","GaiaAlerts","None","GaiaAlerts","Gaia17bro","Gaia - Gaia-photometric","SOAR - Goodman","1","1","","16.48","G-Gaia","2017-07-02 13:03:21","Gaia_Bot1","",""
"21150","SN 2017fav","14:32:06.157","+21:49:58.69","SN IIn","0.046","","","ATLAS","None","ATLAS","ATLAS17hrf","ATLAS1 - ACAM1","Lick-3m - KAST","1","1","","18.42","orange-ATLAS","2017-06-28 08:18:14","ATLAS_Bot1","",""
"20799","SN 2017eni","03:05:10.780","-45:33:03.49","SN IIn","0.08165","","","GaiaAlerts","None","GaiaAlerts","Gaia17blw","Gaia - Gaia-photometric","SOAR - Goodman","1","1","","17.71","G-Gaia","2017-06-05 00:46:04","Gaia_Bot1","",""
"20363","SN 2017dwq","09:03:32.491","-21:20:02.99","SN IIn","0.018","2MASX J09033237-2120017","0.018199","ASAS-SN, ATLAS","NUTS","ASAS-SN; ATLAS","ASASSN-17fy","ASASSN-2 - Cassius, ATLAS1 - ACAM1","NOT - ALFOSC","1","1","","16.9","V-Johnson","2017-05-04 00:57:36","Stanek","",""
"20024","SN 2017djq","13:11:33.070","-19:09:22.75","SN IIn","0.068","","","ATLAS, GaiaAlerts, Pan-STARRS1","ePESSTO","ATLAS; GaiaAlerts; Pan-STARRS1","ATLAS17eyv","ATLAS1 - ACAM1, Gaia - Gaia-photometric, PS1 - GPC1","ESO-NTT - EFOSC2-NTT","1","1","","18.67","cyan-ATLAS","2017-04-28 10:17:45","ATLAS_Bot1","",""
"19519","SN 2017cqg","13:27:55.318","-13:24:46.53","SN IIn","0.023","","","Pan-STARRS1","ePESSTO","Pan-STARRS1","PS17byz","PS1 - GPC1","ESO-NTT - EFOSC2-NTT","1","1","","19.45","w-PS1","2017-03-28 11:58:33","PS1_Bot1","",""
"19315","SN 2017cin","16:14:00.660","+26:54:58.54","SN IIn","0.033","","","ATLAS, GaiaAlerts","PESSTO","ATLAS; GaiaAlerts","ATLAS17czh","ATLAS1 - ACAM1, Gaia - Gaia-photometric","ESO-NTT - EFOSC2-NTT","1","1","","18.34","orange-ATLAS","2017-03-17 14:24:00","ATLAS_Bot1","",""
"19312","SN 2017cik","07:54:13.060","+21:47:35.84","SN IIn","0.016","","","ATLAS, GaiaAlerts, Pan-STARRS1","ePESSTO","ATLAS; GaiaAlerts; Pan-STARRS1","ATLAS17czi","ATLAS1 - ACAM1, Gaia - Gaia-photometric, PS1 - GPC1","ESO-NTT - EFOSC2-NTT","1","1","","18.64","orange-ATLAS","2017-03-17 08:09:36","ATLAS_Bot1","",""
"19079","SN 2017bzm","13:15:04.159","-24:48:05.48","SN IIn","0.045","","","ATLAS","PESSTO","ATLAS","ATLAS17bnl","ATLAS1 - ACAM1","ESO-NTT - EFOSC2-NTT","1","1","","17.56","orange-ATLAS","2017-03-07 13:26:24","ATLAS_Bot1","",""
"18533","SN 2017ben","09:18:48.420","-12:15:32.51","SN IIn","0.036","","","ATLAS, Pan-STARRS1, GaiaAlerts","PESSTO","ATLAS; GaiaAlerts; Pan-STARRS1","ATLAS17bdx","ATLAS1 - ACAM1, PS1 - GPC1, Gaia - Gaia-photometric","ESO-NTT - EFOSC2-NTT","1","1","","18.41","orange-ATLAS","2017-02-15 10:52:19","ATLAS_Bot1","",""
"18467","SN 2017bca","10:53:24.682","+28:51:27.19","SN IIn","0.217","","","Pan-STARRS1","PESSTO","Pan-STARRS1","PS17beo","PS1 - GPC1","ESO-NTT - EFOSC2-NTT","1","1","","19.51","i-Sloan","2017-02-18 07:23:31","PS1_Bot1","",""
"18464","SN 2017bbx","09:16:27.704","+03:35:25.29","SN IIn","0.104","","","Pan-STARRS1","PESSTO","Pan-STARRS1","PS17bcv","PS1 - GPC1","ESO-NTT - EFOSC2-NTT","1","1","","19.9","i-Sloan","2017-02-18 06:57:36","PS1_Bot1","",""
"17011","SN 2016jgr","23:42:37.085","-45:41:24.72","SN IIn","0.0768","GALEXASC J234236.73-454123.7","","ASAS-SN","ASAS-SN","ASAS-SN","ASASSN-16pp","ASASSN-2 - Cassius","LCO-duPont - WFCCD","1","1","","17.3","V-Johnson","2016-12-31 01:55:12","Stanek","",""
"16279","SN 2016ieq","21:22:25.190","-11:56:54.82","SN IIn","0.066","","","GaiaAlerts, Pan-STARRS1","None","GaiaAlerts; Pan-STARRS1","Gaia16buy","Gaia - Gaia-photometric, PS1 - GPC1","NOT - ALFOSC","1","1","","17.95","G-Gaia","2016-11-14 10:20:38","Gaia_Bot1","",""
"16248","SN 2016idl","10:06:29.110","+22:26:44.27","SN IIn","0.058","","","GaiaAlerts","ASAS-SN","GaiaAlerts","Gaia16bug","Gaia - Gaia-photometric","MDM-2.4 - OSMOS","1","1","","16.84","G-Gaia","2016-11-13 07:04:48","Gaia_Bot1","",""
"16159","SN 2016iaf","05:47:04.831","-25:46:13.83","SN IIn","0.063","","","ATLAS, Pan-STARRS1","PESSTO","ATLAS; Pan-STARRS1","ATLAS16dvt","ATLAS1 - ACAM1, PS1 - GPC1","ESO-NTT - EFOSC2-NTT","1","1","","18.88","cyan-ATLAS","2016-10-30 13:40:47","ATLAS_Bot1","",""
"15636","SN 2016hgf","04:51:45.970","+44:36:03.06","SN IIn","0.017179","","","GaiaAlerts","PTSS","GaiaAlerts","Gaia16bnq","Gaia - Gaia-photometric","BAO-2.16m - Cassegrain","1","1","","17.84","G-Gaia","2016-10-16 08:55:40","Gaia_Bot1","",""
"13905","SN 2016eso","04:59:30.056","-28:51:39.24","SN IIn","0.017","ESO 422- G 019","0.016064","ASAS-SN, Pan-STARRS1","PESSTO","ASAS-SN; Pan-STARRS1","ASASSN-16in","ASASSN-2 - Cassius, PS1 - GPC1","ESO-NTT - EFOSC2-NTT","1","1","","17","V-Johnson","2016-08-08 09:50:24","Stanek","",""
"13533","SN 2016eei","03:04:19.700","-57:35:01.90","SN IIn","0.06","","","GaiaAlerts","ePESSTO","GaiaAlerts","Gaia16ate","Gaia - Gaia-photometric","ESO-NTT - EFOSC2-NTT","1","1","","18.14","G-Gaia","2016-06-17 22:22:04","Gaia_Bot1","",""
"12702","SN 2016cyj","12:06:57.600","+27:18:04.10","SN IIn","0.056","SDSS J120657.56+271806.0","0.05598","ASAS-SN, GaiaAlerts","NUTS","ASAS-SN; GaiaAlerts","ASASSN-16gn","ASASSN-1 - Brutus, Gaia - Gaia-photometric","","1","1","","17.2","V-Johnson","2016-06-26 06:14:24","Holoien","",""
"12701","SN 2016cyi","22:16:58.390","+46:44:07.28","SN IIn","0.043","ZOAG G097.31-08.31","","PTSS","PTSS","PTSS","PTSS-16jik","CNEOST - STA1600","BAO-2.16m - Phot-spec","1","1","","17.1","r-Sloan","2016-06-25 19:22:43","Li","",""
"11699","SN 2016bly","17:22:48.900","+14:00:59.88","SN IIn","0.019","2MASX J17224883+1400584","","PTSS","PTSS","PTSS","PTSS-16cuh","CNEOST - STA1600","Lijiang-2.4m - YFOSC","1","1","","18.2","r-Sloan","2016-04-09 18:42:58","Li","",""
"11487","SN 2016bdu","13:10:13.951","+32:31:14.07","SN IIn","0.017","","","Pan-STARRS1","NUTS","Pan-STARRS1","PS16bdu","PS1 - GPC1","NOT - ALFOSC","1","1","","20.8707","r-Sloan","2016-02-28 14:52:45","Young","",""
"11150","SN 2016aqv","15:03:50.664","+48:22:50.02","SN IIn","0.0261","SDSS J150350.43+482250.7","0.026","None","None","","PTSS-16A","Other - Other","Lijiang-2.4m - YFOSC","1","1","","17.3","r-Sloan","2016-02-24 20:09:36","Wang","",""
"10939","SN 2016aiy","13:08:25.400","-41:58:50.30","SN IIn","0.01","ESO 323-G084","","ASAS-SN","PESSTO","ASAS-SN","ASASSN-16bw","ASASSN-2 - Cassius","ESO-NTT - EFOSC2-NTT","1","1","","16.9","V-Johnson","2016-02-17 08:52:48","Holoien","",""
"10846","SN 2016afj","10:22:09.218","+15:28:19.32","SN IIn","0.081","","","Pan-STARRS1","PESSTO","Pan-STARRS1","PS16ago","PS1 - GPC1","ESO-NTT - EFOSC2-NTT","1","1","","19.7956","w-PS1","2016-02-09 13:02:05","Young","",""
"10021","SN 2016S","10:17:07.040","+15:48:35.90","SN IIn","0.094","SDSS J101706.74+154837.2","","Pan-STARRS1","None","Pan-STARRS1","PS16ij","PS1 - GPC1","SOAR - Goodman","1","1","","19.6706","w-PS1","2016-01-08 11:22:33","Wright","",""
"42090","SN 2015da","13:52:24.110","+39:41:28.60","SN IIn","0.006669","NGC 5337","","None","None","","PSN J13522411+3941286","Other - Other","Other - Other","1","1","2019-08-29","16.9","Clear-","2015-01-09 21:21:36","Tartaglia","",""
"6568","SN 2015bh","09:09:35.059","+33:07:22.12","SN IIn","","NGC 2770","","","","","","","","0","1","","19.1","","2015-02-07 00:00:00","","[Discoverer=Howerton, Drake et al. (Catalina Real-time Transient Survey); DiscoveryRef=CBET 4229; PositionRef=CBET 4229; Orig Type=IIn]",""
"6566","SN 2015bf","23:24:49.030","+15:16:52.00","SN IIn","","NGC 7653","","","","","","","","0","1","","17.3","","2015-12-12 00:00:00","","[Discoverer=Itagaki; DiscoveryRef=CBET 4219; PositionRef=CBET 4219; Orig Type=IIn]",""
"6565","SN 2015Z","15:04:40.781","+12:37:43.61","SN IIn","","NGC 5837        ","","","","","","","","0","1","","17.5","","2015-06-16 00:00:00","","[Discoverer=Arbour; DiscoveryRef=CBET 4171; PositionRef=CBET 4171; Orig Type=IIn]",""
"6549","SN 2015J","07:35:05.179","-69:07:53.11","SN IIn","","Anon.           ","","","","","","","","0","1","","19.3","","2015-04-27 00:00:00","","[Discoverer=Scalzo, Childress et al.; DiscoveryRef=CBET 4115; PositionRef=CBET 4115; Orig Type=IIn]",""
"16559","SN 2014es","09:20:46.910","-08:03:34.00","SN IIn","0.0196","MCG -1-24-12 ","0.019644","None","TNTS","TNTS","","Other - Other","BAO-2.16m - Phot-spec","1","1","","16","Clear-","2014-11-20 10:48:00","Wang","",""
"6483","SN 2014ee","07:59:11.779","+32:54:39.89","SN IIn","","UGC 4132        ","","","","","","","","0","1","","17.3","","2014-11-12 00:00:00","","[Discoverer=Kroes, Newton, Post, Pattishall, Puckett; DiscoveryRef=CBET 4058; PositionRef=CBET 4058; Orig Type=IIn]",""
"6420","SN 2014bw","16:55:44.770","+26:15:28.58","SN IIn","","Anon.           ","","","","","","","","0","1","","16.9","","2014-06-10 00:00:00","","[Discoverer=Ciabattari, Mazzoni, Rossi; DiscoveryRef=CBET 3913; PositionRef=CBET 3913; Orig Type=IIn]",""
"6372","SN 2014ab","13:48:05.990","+07:23:16.40","SN IIn","","Anon.           ","","","","","","","","0","1","","16.4","","2014-03-09 00:00:00","","[Discoverer=Howerton, Drake eet al. (Catalina Real-time Transient Survey); DiscoveryRef=CBET 3826; PositionRef=CBET 3826; Orig Type=IIn]",""
"6507","SN 2014Y","07:23:33.391","+54:26:30.19","SN IIn","","Anon.           ","","","","","","","","0","1","","18.3","","2014-03-02 00:00:00","","[Discoverer=Zhang, Wang, Mo (THU-NAOC Transient Survey); DiscoveryRef=CBET 3821; PositionRef=CBET 3821; Orig Type=IIn]",""
"6502","SN 2014T","14:36:04.980","+02:20:34.19","SN IIn","","Anon.           ","","","","","","","","0","1","","18.7","","2014-02-22 00:00:00","","[Discoverer=Tanaka et al. (Kiso Supernova Survey); DiscoveryRef=CBET 3815; PositionRef=CBET 3815; Orig Type=IIn]",""
"6498","SN 2014P","10:54:04.001","-45:48:43.60","SN IIn","","ESO 264-G49     ","","","","","","","","0","1","","17.8","","2014-02-02 00:00:00","","[Discoverer=Parker; DiscoveryRef=CBET 3805; PositionRef=CBET 3805; Orig Type=IIn]",""
"6489","SN 2014G","10:54:34.130","+54:17:56.90","SN IIn","","NGC 3448        ","","","","","","","","0","1","","15.6","","2014-01-14 00:00:00","","[Discoverer=Itagaki; Wiggins; DiscoveryRef=CBET 3787; PositionRef=CBET 3787; Orig Type=IIn]",""
"6327","SN 2013ha","06:15:49.850","+66:50:19.39","SN IIn","","MCG +11-8-25    ","","","","","","","","0","1","","17","","2013-11-06 00:00:00","","[Discoverer=Gagliano, Newton, Puckett; DiscoveryRef=CBET 3745; PositionRef=CBET 3745; Orig Type=IIn]",""
"6302","SN 2013gc","08:07:11.880","-28:03:26.32","SN IIn","","ESO 430-20      ","","","","","","","","0","1","","16.7","","2013-11-07 00:00:00","","[Discoverer=Antezana, Pignata et al.; DiscoveryRef=CBET 3699; PositionRef=CBET 3699; Orig Type=IIn]",""
"6291","SN 2013fs","23:19:44.671","+10:11:04.49","SN IIn","","NGC 7610        ","","","","","","","","0","1","","16.5","","2013-10-07 00:00:00","","[Discoverer=Itagaki; DiscoveryRef=CBET 3671; PositionRef=CBET 3671; Orig Type=IIn?]",""
"6290","SN 2013fr","04:08:02.350","+23:17:39.41","SN IIn","","MCG +04-10-24   ","","","","","","","","0","1","","16.2","","2013-09-28 00:00:00","","[Discoverer=Howerton, Drake et al. (Catalina Real-time Transient Survey); DiscoveryRef=CBET 3666; PositionRef=CBET 3666; Orig Type=IIn]",""
"6275","SN 2013fc","02:45:08.959","-55:44:27.31","SN IIn","","ESO 154-10      ","","","","","","","","0","1","","15.4","","2013-08-20 00:00:00","","[Discoverer=Pignata et al. (CHASE); DiscoveryRef=CBET 3644; PositionRef=CBET 3644; Orig Type=IIn]",""
"6244","SN 2013dz","02:58:24.401","+36:17:03.52","SN IIn","","Anon.           ","","","","","","","","0","1","","16.2","","2013-07-11 00:00:00","","[Discoverer=Dhungana et al. (ROTSE); DiscoveryRef=CBET 3589; PositionRef=CBET 3589; Orig Type=IIn]",""
"6241","SN 2013dw","16:13:58.841","+42:41:58.99","SN IIn","","Anon.           ","","","","","","","","0","1","","18.8","","2013-07-02 00:00:00","","[Discoverer=Zhou, Wang, Zhang (THU-NAOC Transient Survey); DiscoveryRef=CBET 3585; PositionRef=CBET 3585; Orig Type=IIn]",""
"6232","SN 2013dn","23:37:45.739","+14:42:37.12","SN IIn","","Anon.           ","","","","","","","","0","1","","16.2","","2013-06-14 00:00:00","","[Discoverer=Drake et al. (Catalina Real-time Transient Survey); DiscoveryRef=CBET 3570; PositionRef=CBET 3570; Orig Type=IIn]",""
"6201","SN 2013cj","17:04:52.951","+12:55:10.42","SN IIn","","UGC 10685       ","","","","","","","","0","1","","18.1","","2013-05-09 00:00:00","","[Discoverer=Jin, Gao (Xingming Sky Survey); DiscoveryRef=CBET 3520; PositionRef=CBET 3520; Orig Type=IIn]",""
"6366","SN 2013W","10:06:34.020","+14:25:57.79","SN IIn","","UGC 5448        ","","","","","","","","0","1","","18","","2013-01-06 00:00:00","","[Discoverer=Gagliano, Newton, Puckett; DiscoveryRef=CBET 3412; PositionRef=CBET 3412; Orig Type=IIn]",""
"6355","SN 2013L","11:45:29.551","-50:35:53.09","SN IIn","","ESO 216-39      ","","","","","","","","0","1","","15.6","","2013-01-22 00:00:00","","[Discoverer=Monard; DiscoveryRef=CBET 3392; PositionRef=CBET 3392; Orig Type=IIn]",""
"6091","SN 2012hk","10:41:15.341","+37:33:21.82","SN IIn","","Anon.           ","","","","","","","","0","1","","16.7","","2012-11-20 00:00:00","","[Discoverer=Balanutsa (MASTER); DiscoveryRef=CBET 3334; PositionRef=CBET 3334; Orig Type=IIn]",""
"6042","SN 2012fp","03:32:43.200","-27:10:33.31","SN IIn","","Anon.           ","","","","","","","","0","1","","23.2","","2012-10-07 00:00:00","","[Discoverer=Cappellaro et al.; DiscoveryRef=CBET 3274; PositionRef=CBET 3274; Orig Type=IIn]",""
"5971","SN 2012cz","15:57:46.361","+16:22:27.41","SN IIn","","Anon.           ","","","","","","","","0","1","","18.9","","2012-05-25 00:00:00","","[Discoverer=Howerton, Drake et al. (Catalina Sky Survey); DiscoveryRef=CBET 3151; PositionRef=CBET 3151; Orig Type=IIn]",""
"5962","SN 2012cq","09:08:05.460","+20:30:12.49","SN IIn","","UGC 4792        ","","","","","","","","0","1","","18.2","","2012-05-13 00:00:00","","[Discoverer=Morokuma et al. (Kiso Supernova Survey); DiscoveryRef=CBET 3139; PositionRef=CBET 3139; Orig Type=IIn]",""
"5946","SN 2012ca","18:41:07.250","-41:47:38.40","SN IIn","","ESO 336-9       ","","","","","","","","0","1","","14.8","","2012-04-25 00:00:00","","[Discoverer=Parker; DiscoveryRef=CBET 3101; PositionRef=CBET 3101; Orig Type=IIn]",""
"5935","SN 2012bq","10:16:38.650","-06:46:36.19","SN IIn","","Anon.           ","","","","","","","","0","1","","17.6","","2012-03-30 00:00:00","","[Discoverer=Drake et al. (Catalina Sky Survey); DiscoveryRef=CBET 3084; PositionRef=CBET 3084; Orig Type=IIn]",""
"5910","SN 2012as","15:25:08.520","+37:57:49.39","SN IIn","","UGC 9842        ","","","","","","","","0","1","","17.9","","2012-02-17 00:00:00","","[Discoverer=Jin, Gao; DiscoveryRef=CBET 3044; PositionRef=CBET 3044; Orig Type=IIn]",""
"5904","SN 2012am","10:54:01.670","+46:01:38.89","SN IIn","","UGC 6015        ","","","","","","","","0","1","","17.6","","2012-02-24 00:00:00","","[Discoverer=Orff, Newton, Puckett; DiscoveryRef=CBET 3034; PositionRef=CBET 3034; Orig Type=IIn]",""
"5903","SN 2012al","10:06:11.609","+47:17:40.60","SN IIn","","Anon.           ","","","","","","","","0","1","","18.1","","2012-02-24 00:00:00","","[Discoverer=Drake et al. (Catalina Sky Survey); DiscoveryRef=CBET 3033; PositionRef=CBET 3033; Orig Type=IIn]",""
"5893","SN 2012ab","12:22:47.599","+05:36:24.98","SN IIn","","Anon.           ","","","","","","","","0","1","","15.8","","2012-01-31 00:00:00","","[Discoverer=Vinko et al. (ROTSE); DiscoveryRef=CBET 3022; PositionRef=CBET 3022; Orig Type=IIn]",""
"6136","SN 2012Y","04:50:27.830","-03:29:24.50","SN IIn","","Anon.           ","","","","","","","","0","1","","18.2","","2012-01-26 00:00:00","","[Discoverer=Howerton, Drake et al. (Catalina Sky Survey); DiscoveryRef=CBET 3013; PositionRef=CBET 3013; Orig Type=IIn]",""
"5839","SN 2011jc","03:38:34.390","+22:32:59.50","SN IIn","","Anon.           ","","","","","","","","0","1","","18.9","","2011-11-30 00:00:00","","[Discoverer=Drake et al. (Mount Lemmon Survey); DiscoveryRef=CBET 2948; PositionRef=CBET 2948; Orig Type=IIn]",""
"5838","SN 2011jb","11:37:04.800","+15:28:14.20","SN IIn","","Anon.           ","","","","","","","","0","1","","17.8","","2011-11-28 00:00:00","","[Discoverer=Drake et al. (Catalina Sky Survey); DiscoveryRef=CBET 2947; PositionRef=CBET 2947; Orig Type=IIn]",""
"5832","SN 2011iw","23:34:48.199","+24:45:01.58","SN IIn","","Anon.           ","","","","","","","","0","1","","16.9","","2011-11-29 00:00:00","","[Discoverer=Drake et al. (Catalina Sky Survey); DiscoveryRef=CBET 2941; PositionRef=CBET 2941; Orig Type=IIn]",""
"5811","SN 2011ib","11:44:39.269","+35:58:03.90","SN IIn","","UGC 6716        ","","","","","","","","0","1","","16.8","","2011-11-15 00:00:00","","[Discoverer=Shumkov (MASTER); DiscoveryRef=CBET 2911; PositionRef=CBET 2911; Orig Type=IIn]",""
"5805","SN 2011hw","22:26:14.539","+34:12:59.11","SN IIn","","Anon.           ","","","","","","","","0","1","","15.7","","2011-11-18 00:00:00","","[Discoverer=Mikuz; DiscoveryRef=CBET 2906; PositionRef=CBET 2906; Orig Type=IIn]",""
"5802","SN 2011ht","10:08:10.589","+51:50:57.01","SN IIn","","UGC 5460        ","","","","","","","","0","1","","17","","2011-09-29 00:00:00","","[Discoverer=Boles; DiscoveryRef=CBET 2851; PositionRef=CBET 2851; Orig Type=IIn]",""
"5752","SN 2011fx","00:17:59.561","+24:33:46.01","SN IIn","0.019","Anon.           ","","","DAO_OTS","","","","Plaskett - Plaskett","0","1","","17.6","","2011-08-30 00:00:00","","[Discoverer=Ciabattari, Mazzoni; DiscoveryRef=CBET 2830; PositionRef=CBET 2830; Orig Type=IIn  ]",""
"5746","SN 2011fr","01:29:45.799","+18:53:07.19","SN IIn","","Anon.           ","","","","","","","","0","1","","18.8","","2011-09-01 00:00:00","","[Discoverer=Zheng et al. (ROTSE); DiscoveryRef=CBET 2824; PositionRef=CBET 2824; Orig Type=IIn  ]",""
"5736","SN 2011fh","12:56:14.009","-29:29:54.82","SN IIn","","NGC 4806        ","","","","","","","","0","1","","14.5","","2011-08-24 00:00:00","","[Discoverer=Monard; DiscoveryRef=CBET 2799; PositionRef=CBET 2799; Orig Type=IIn  ]",""
"5726","SN 2011ey","13:19:19.121","-04:51:05.90","SN IIn","","Anon.           ","","","","","","","","0","1","","18.4","","2011-06-23 00:00:00","","[Discoverer=Drake et al. (Catalina Real Time Transient Survey); DiscoveryRef=CBET 2787; PositionRef=CBET 2787; Orig Type=IIn  ]",""
"5722","SN 2011eu","14:09:15.290","-01:10:54.70","SN IIn","","Anon.           ","","","","","","","","0","1","","18.5","","2011-06-06 00:00:00","","[Discoverer=Drake et al. (Catalina Real Time Transient Survey); DiscoveryRef=CBET 2787; PositionRef=CBET 2787; Orig Type=IIn  ]",""
"5670","SN 2011cw","14:47:39.550","+51:41:04.70","SN IIn","","Anon.           ","","","","","","","","0","1","","18.3","","2011-05-01 00:00:00","","[Discoverer=Drake et al. (Catalina Real-Time Transient Survey); DiscoveryRef=CBET 2733; PositionRef=CBET 2733; Orig Type=IIn  ]",""
"5663","SN 2011cp","07:52:32.609","+21:53:29.69","SN IIn","","Anon.           ","","","","","","","","0","1","","19.5","","2011-04-26 00:00:00","","[Discoverer=Drake et al. (Catalina Real-Time Transient Survey); DiscoveryRef=CBET 2733; PositionRef=CBET 2733; Orig Type=IIn  ]",""
"5650","SN 2011cc","16:33:49.440","+39:15:48.71","SN IIn","","IC 4612         ","","","","","","","","0","1","","17.7","","2011-03-17 00:00:00","","[Discoverer=Cenko et al. (LOSS); DiscoveryRef=CBET 2712; PositionRef=CBET 2712; Orig Type=IIn  ]",""
"5609","SN 2011ap","18:10:28.411","+31:00:34.31","SN IIn","","IC 1277         ","","","","","","","","0","1","","18.3","","2011-02-21 00:00:00","","[Discoverer=Itagaki; DiscoveryRef=CBET 2670; PositionRef=CBET 2670; Orig Type=IIn  ]",""
"5607","SN 2011an","07:59:24.420","+16:25:08.18","SN IIn","","UGC 4139        ","","","","","","","","0","1","","18.4","","2011-03-01 00:00:00","","[Discoverer=Howerton, Drake et al. (Catalina Sky Survey); DiscoveryRef=CBET 2668; PositionRef=CBET 2668; Orig Type=IIn  ]",""
"5599","SN 2011af","02:25:54.360","+10:23:11.11","SN IIn","","Anon.           ","","","","","","","","0","1","","16.7","","2011-01-11 00:00:00","","[Discoverer=Drake et al. (Catalina Sky Survey); DiscoveryRef=CBET 2659; PositionRef=CBET 2659; Orig Type=IIn  ]",""
"5883","SN 2011S","09:13:54.050","-17:00:39.31","SN IIn","","Anon.           ","","","","","","","","0","1","","17.6","","2011-01-14 00:00:00","","[Discoverer=Drake et al. (Catalina Sky Survey); DiscoveryRef=CBET 2645; PositionRef=CBET 2645; Orig Type=IIn  ]",""
"5880","SN 2011P","02:25:44.801","+16:12:56.02","SN IIn","","Anon.           ","","","","","","","","0","1","","18.6","","2011-01-05 00:00:00","","[Discoverer=Drake et al. (Mt. Lemmon Survey); DiscoveryRef=CBET 2645; PositionRef=CBET 2645; Orig Type=IIn  ]",""
"5593","SN 2011A","13:01:01.190","-14:31:34.79","SN IIn","","NGC 4902        ","","","","","","","","0","1","","16.9","","2011-01-02 00:00:00","","[Discoverer=Pignata et al. (CHASE); DiscoveryRef=CBET 2623; PositionRef=CBET 2623; Orig Type=IIn  ]",""
"5578","SN 2010mc","17:21:30.679","+48:07:47.39","SN IIn","","Anon.","","","","","","","","0","1","","20.2","","2010-08-20 00:00:00","","[Discoverer=Ofek (&quot;Palomar Transient Factory&quot; collaboration); DiscoveryRef=CBET 3313; PositionRef=CBET 3313; Orig Type=IIn]",""
"5572","SN 2010lx","04:44:44.570","-22:12:19.12","SN IIn","","Anon.           ","","","","","","","","0","1","","18.7","","2010-11-03 00:00:00","","[Discoverer=Drake et al. (Catalina Sky Survey); DiscoveryRef=CBET 2645; PositionRef=CBET 2645; Orig Type=IIn  ]",""
"5523","SN 2010kb","08:20:47.410","+35:53:37.50","SN IIn","","Anon.           ","","","","","","","","0","1","","18.1","","2010-11-10 00:00:00","","[Discoverer=Drake et al. (Catalina Sky Survey); DiscoveryRef=CBET 2551; PositionRef=CBET 2551; Orig Type=IIn  ]",""
"5519","SN 2010jy","23:09:43.579","+05:41:56.18","SN IIn","","Anon.           ","","","","","","","","0","1","","16.5","","2010-10-30 00:00:00","","[Discoverer=Drake et al. (Catalina Sky Survey); DiscoveryRef=CBET 2551; PositionRef=CBET 2551; Orig Type=IIn  ]",""
"5513","SN 2010js","08:16:49.639","+60:29:46.00","SN IIn","","UGC 4294        ","","","","","","","","0","1","","18.1","","2010-11-07 00:00:00","","[Discoverer=Boles; DiscoveryRef=CBET 2546; PositionRef=CBET 2546; Orig Type=IIn  ]",""
"5510","SN 2010jp","06:16:30.629","-21:24:36.29","SN IIn","","Anon.           ","","","","","","","","0","1","","17.2","","2010-11-11 00:00:00","","[Discoverer=Pignata et al. (CHASE); DiscoveryRef=CBET 2544; PositionRef=CBET 2544; Orig Type=IIn  ]",""
"5506","SN 2010jl","09:42:53.330","+09:29:41.78","SN IIn","","UGC 5189A       ","","","","","","","","0","1","","13.5","","2010-11-03 00:00:00","","[Discoverer=Newton, Puckett; DiscoveryRef=CBET 2532; PositionRef=CBET 2532; Orig Type=IIn  ]",""
"5505","SN 2010jk","01:12:35.630","+15:28:28.49","SN IIn","","Anon.           ","","","","","","","","0","1","","20.2","","2010-10-31 00:00:00","","[Discoverer=Sarneczky, Kuli; DiscoveryRef=CBET 2534; PositionRef=CBET 2534; Orig Type=IIn? ]",""
"5504","SN 2010jj","02:06:52.229","+44:34:17.51","SN IIn","","NGC 812         ","","","","","","","","0","1","","17","","2010-11-03 00:00:00","","[Discoverer=Rich; DiscoveryRef=CBET 2530; PositionRef=CBET 2530; Orig Type=IIn  ]",""
"5444","SN 2010hd","22:41:51.840","-46:05:45.38","SN IIn","","ESO 290-1       ","","","","","","","","0","1","","17.6","","2010-08-07 00:00:00","","[Discoverer=Drake et al. (Siding Spring Survey); DiscoveryRef=CBET 2429; PositionRef=CBET 2429; Orig Type=IIn  ]",""
"5298","SN 2010bt","12:48:20.220","-34:57:16.49","SN IIn","","NGC 7130        ","","","","","","","","0","1","","15.8","","2010-04-17 00:00:00","","[Discoverer=Monard; DiscoveryRef=CBET 2250; PositionRef=CBET 2250; Orig Type=IIn  ]",""
"5295","SN 2010bq","16:46:55.409","+34:09:35.39","SN IIn","","UGC 10547       ","","","","","","","","0","1","","17.2","","2010-04-14 00:00:00","","[Discoverer=Duszanowicz; Briggs, Newton, Puckett; DiscoveryRef=CBET 2241; PositionRef=CBET 2241; Orig Type=IIn  ]",""
"5263","SN 2010al","08:14:15.910","+18:26:18.20","SN IIn","","UGC 4286        ","","","","","","","","0","1","","17.8","","2010-03-13 00:00:00","","[Discoverer=Rich; DiscoveryRef=CBET 2207; PositionRef=CBET 2207; Orig Type=IIn  ]",""
"5575","SN 2010M","03:21:37.589","+26:36:50.29","SN IIn","","Anon.           ","","","","","","","","0","1","","18.8","","2010-01-13 00:00:00","","[Discoverer=Prieto, Drake et al. (CRTS); DiscoveryRef=CBET 2131; PositionRef=CBET 2131; Orig Type=IIn  ]",""
"5235","SN 2009nw","10:40:10.860","+22:37:35.51","SN IIn","","Anon.           ","","","","","","","","0","1","","19.4","","2009-12-18 00:00:00","","[Discoverer=Prieto, Drake et al. (CRTS); DiscoveryRef=CBET 2131; PositionRef=CBET 2131; Orig Type=IIn  ]",""
"5226","SN 2009nn","12:33:56.419","+13:55:09.01","SN IIn","","Anon.           ","","","","","","","","0","1","","17.3","","2009-12-05 00:00:00","","[Discoverer=Zheng, Yuan et al. (ROTSE); DiscoveryRef=CBET 2107; PositionRef=CBET 2107; Orig Type=IIn  ]",""
"5225","SN 2009nm","10:05:24.540","+51:16:38.71","SN IIn","","Anon.           ","","","","","","","","0","1","","18.8","","2009-11-20 00:00:00","","[Discoverer=Christensen, Drake et al. (CRTS); DiscoveryRef=CBET 2106; PositionRef=CBET 2106; Orig Type=IIn  ]",""
"5222","SN 2009nj","11:06:36.881","+34:19:51.60","SN IIn","","Anon.           ","","","","","","","","0","1","","18.8","","2009-12-17 00:00:00","","[Discoverer=Drake et al. (CRTS); DiscoveryRef=CBET 2101; PositionRef=CBET 2101; Orig Type=IIn  ]",""
"5187","SN 2009mb","09:11:09.199","+19:59:45.20","SN IIn","","Anon.           ","","","","","","","","0","1","","19","","2009-10-18 00:00:00","","[Discoverer=Christensen, Drake et al. (CRTS); DiscoveryRef=CBET 2059; PositionRef=CBET 2059; Orig Type=IIn  ]",""
"5186","SN 2009ma","08:28:58.200","-00:35:12.30","SN IIn","","Anon.           ","","","","","","","","0","1","","18.2","","2009-10-17 00:00:00","","[Discoverer=Christensen, Drake et al. (CRTS); DiscoveryRef=CBET 2059; PositionRef=CBET 2059; Orig Type=IIn  ]",""
"5145","SN 2009kn","08:09:43.039","-17:44:51.29","SN IIn","","MCG -03-21-6    ","","","","","","","","0","1","","16.6","","2009-10-26 00:00:00","","[Discoverer=Gagliano, Newton, Puckett; DiscoveryRef=CBET 1997; PositionRef=CBET 1997; Orig Type=IIn  ]",""
"5015","SN 2009fs","18:19:11.930","+42:48:21.82","SN IIn","","UGC 11205       ","","","","","","","","0","1","","17","","2009-06-01 00:00:00","","[Discoverer=Puckett, Gorelli; DiscoveryRef=CBET 1829; PositionRef=CBET 1829; Orig Type=IIn  ]",""
"4984","SN 2009eo","14:58:07.990","+02:26:03.30","SN IIn","","Anon.           ","","","","","","","","0","1","","18.1","","2009-05-13 00:00:00","","[Discoverer=Drake et al. (CTRS); DiscoveryRef=CBET 1801; PositionRef=CBET 1801; Orig Type=IIn  ]",""
"4938","SN 2009cw","15:05:01.970","+48:40:03.90","SN IIn","","Anon.           ","","","","","","","","0","1","","20.3","","2009-03-28 00:00:00","","[Discoverer=&quot;Palomar Transient Factory&quot; collaboration; DiscoveryRef=CBET 1754; PositionRef=CBET 1754; Orig Type=IIn  ]",""
"4882","SN 2009au","12:59:46.001","-29:36:07.49","SN IIn","","ESO 443-21      ","","","","","","","","0","1","","16.4","","2009-03-11 00:00:00","","[Discoverer=Pignata et al. (CHASE); DiscoveryRef=CBET 1719; PositionRef=CBET 1719; Orig Type=IIn  ]",""
"4843","SN 2008ja","23:44:12.821","+07:52:23.59","SN IIn","","Anon.           ","","","","","","","","0","1","","20.1","","2008-07-01 00:00:00","","[Discoverer=Catelan, Drake et al. (CRTS); DiscoveryRef=CBET 1936; PositionRef=CBET 1936; Orig Type=IIn  ]",""
"4840","SN 2008iy","16:08:37.229","+04:16:26.69","SN IIn","","Anon.           ","","","","","","","","0","1","","17.8","","2008-09-28 00:00:00","","[Discoverer=Catelan, Drake et al. (CRTS); DiscoveryRef=CBET 1780; PositionRef=CBET 1780; Orig Type=IIn  ]",""
"4831","SN 2008ip","12:57:50.201","+36:22:33.49","SN IIn","","NGC 4846        ","","","","","","","","0","1","","15.7","","2008-12-31 00:00:00","","[Discoverer=Kobayashi; DiscoveryRef=CBET 1641; PositionRef=CBET 1641; Orig Type=IIn  ]",""
"4774","SN 2008gm","23:14:12.391","-02:46:52.39","SN IIn","","NGC 7530        ","","","","","","","","0","1","","17","","2008-10-22 00:00:00","","[Discoverer=Pignata et al. (CHASE); DiscoveryRef=CBET 1549; PositionRef=CBET 1549; Orig Type=IIn  ]",""
"4721","SN 2008en","00:55:13.560","+35:26:26.20","SN IIn","","UGC 564         ","","","","","","","","0","1","","18.2","","2008-08-03 00:00:00","","[Discoverer=Boles; DiscoveryRef=CBET 1459; PositionRef=CBET 1459; Orig Type=IIn  ]",""
"4674","SN 2008cu","19:14:16.961","+53:43:50.48","SN IIn","","UGC 11419       ","","","","","","","","0","1","","18.7","","2008-06-01 00:00:00","","[Discoverer=LOSS; DiscoveryRef=CBET 1394; PositionRef=CBET 1394; Orig Type=IIn  ]",""
"4660","SN 2008cg","15:54:15.149","+10:58:25.00","SN IIn","","Anon.           ","","","","","","","","0","1","","16.7","","2008-05-05 00:00:00","","[Discoverer=Drake et al.; DiscoveryRef=CBET 1366; PositionRef=CBET 1366; Orig Type=IIn  ]",""
"4639","SN 2008bm","13:02:58.781","+10:30:27.00","SN IIn","","Anon.           ","","","","","","","","0","1","","17.4","","2008-03-29 00:00:00","","[Discoverer=Drake et al.; DiscoveryRef=CBET 1320; PositionRef=CBET 1320; Orig Type=IIn  ]",""
"4631","SN 2008be","14:27:48.710","+69:41:50.78","SN IIn","","NGC 5671        ","","","","","","","","0","1","","18.5","","2008-03-12 00:00:00","","[Discoverer=Chu, Li, Filippenko (LOSS); DiscoveryRef=CBET 1303; PositionRef=CBET 1303; Orig Type=IIn  ]",""
"4612","SN 2008am","12:28:36.250","+15:34:49.12","SN IIn","","Anon.           ","","","","","","","","0","1","","18.7","","2008-01-10 00:00:00","","[Discoverer=Yuan et al. (ROTSE); DiscoveryRef=CBET 1262; PositionRef=CBET 1262; Orig Type=IIn  ]",""
"4609","SN 2008aj","13:33:06.331","+33:08:58.99","SN IIn","","MCG +06-30-34   ","","","","","","","","0","1","","16.9","","2008-02-13 00:00:00","","[Discoverer=Boles; DiscoveryRef=CBET 1259; PositionRef=CBET 1259; Orig Type=IIn  ]",""
"4853","SN 2008S","20:34:45.350","+60:05:57.80","SN IIn","","NGC 6946        ","","","","","","","","0","1","","17.6","","2008-02-01 00:00:00","","[Discoverer=Arbour; DiscoveryRef=CBET 1234; PositionRef=CBET 1234; Orig Type=IIn? ]",""
"4842","SN 2008J","02:34:24.199","-10:50:38.51","SN IIn","","MCG -02-7-33    ","","","","","","","","0","1","","15.4","","2008-01-15 00:00:00","","[Discoverer=Thrasher, Li, Filippenko (LOSS); DiscoveryRef=CBET 1211; PositionRef=CBET 1211; Orig Type=IIn? ]",""
"4626","SN 2008B","15:02:43.649","+23:20:07.80","SN IIn","","NGC 5829        ","","","","","","","","0","1","","16.4","","2008-01-02 00:00:00","","[Discoverer=Itagaki; DiscoveryRef=CBET 1194; PositionRef=CBET 1194; Orig Type=IIn  ]",""
"4594","SN 2007va","14:26:23.239","+35:35:29.11","SN IIn","","Anon.           ","","","","","","","","0","1","","0","","2007-08-08 00:00:00","","[Discoverer=Kozlowski et al.; DiscoveryRef=CBET 2392; PositionRef=CBET 2392; Orig Type=IIn? ]",""
"4505","SN 2007rt","11:02:34.291","+50:34:58.51","SN IIn","","UGC 6109        ","","","","","","","","0","1","","16.8","","2007-11-24 00:00:00","","[Discoverer=Li (LOSS); DiscoveryRef=CBET 1148; PositionRef=CBET 1148; Orig Type=IIn  ]",""
"4442","SN 2007pk","01:31:47.069","+33:36:54.11","SN IIn","","NGC 579         ","","","","","","","","0","1","","17","","2007-11-10 00:00:00","","[Discoverer=Parisky, Li (LOSS); DiscoveryRef=CBET 1129; PositionRef=CBET 1129; Orig Type=IIn  ]",""
"4409","SN 2007oe","00:24:10.339","+00:46:30.22","SN IIn","","Anon.           ","","","","","","","","0","1","","21.6","","2007-09-22 00:00:00","","[Discoverer=Sloan Digital Sky Survey II; DiscoveryRef=CBET 1117; PositionRef=CBET 1117; Orig Type=IIn  ]",""
"4401","SN 2007nx","00:03:48.360","+00:21:31.39","SN IIn","","Anon.           ","","","","","","","","0","1","","20.6","","2007-10-08 00:00:00","","[Discoverer=Sloan Digital Sky Survey II; DiscoveryRef=CBET 1109; PositionRef=CBET 1109; Orig Type=IIn  ]",""
"4282","SN 2007jm","21:55:38.590","-00:10:36.30","SN IIn","","Anon.           ","","","","","","","","0","1","","20.5","","2007-09-03 00:00:00","","[Discoverer=Sloan Digital Sky Survey II; DiscoveryRef=CBET 1079; PositionRef=CBET 1079; Orig Type=IIn  ]",""
"4213","SN 2007gy","23:51:13.570","+11:25:18.91","SN IIn","","Anon.           ","","","","","","","","0","1","","18.5","","2007-08-19 00:00:00","","[Discoverer=&quot;Nearby Supernova Factory&quot; collaboration; DiscoveryRef=CBET 1043; PositionRef=CBET 1043; Orig Type=IIn  ]",""
"4184","SN 2007fw","15:21:09.139","+02:26:26.30","SN IIn","","Anon.           ","","","","","","","","0","1","","19.5","","2007-07-14 00:00:00","","[Discoverer=&quot;Nearby Supernova Factory&quot; collaboration; DiscoveryRef=CBET 1007; PositionRef=CBET 1007; Orig Type=IIn  ]",""
"4172","SN 2007fk","15:50:35.899","+43:46:32.92","SN IIn","","Anon.           ","","","","","","","","0","1","","19.6","","2007-07-08 00:00:00","","[Discoverer=&quot;Nearby Supernova Factory&quot; collaboration; DiscoveryRef=CBET 996; PositionRef=CBET  996; Orig Type=IIn  ]",""
"4093","SN 2007cm","12:42:45.180","+55:08:57.08","SN IIn","","NGC 4644        ","","","","","","","","0","1","","16.1","","2007-05-24 00:00:00","","[Discoverer=Kloehr; DiscoveryRef=CBET 973; PositionRef=IAUC 8851; Orig Type=IIn  ]",""
"4055","SN 2007bb","07:01:07.459","+51:15:57.31","SN IIn","","UGC 3627        ","","","","","","","","0","1","","17.2","","2007-04-02 00:00:00","","[Discoverer=Joubert, Li (LOSS); DiscoveryRef=CBET 912; PositionRef=IAUC 8829; Orig Type=IIn  ]",""
"4037","SN 2007ak","05:20:40.750","+08:48:15.98","SN IIn","","UGC 3293        ","","","","","","","","0","1","","18.2","","2007-03-10 00:00:00","","[Discoverer=Madison, Li (LOSS); DiscoveryRef=CBET 875; PositionRef=IAUC 8822; Orig Type=IIn  ]",""
"4296","SN 2007K","09:14:26.210","+36:06:52.42","SN IIn","","MCG +06-20-50   ","","","","","","","","0","1","","17.2","","2007-01-16 00:00:00","","[Discoverer=Madison, Li (LOSS); DiscoveryRef=CBET 812; PositionRef=IAUC 8798; Orig Type=IIn  ]",""
"3994","SN 2006tf","12:46:15.821","+11:25:56.32","SN IIn","","Anon.           ","","","","","","","","0","1","","16.7","","2006-12-12 00:00:00","","[Discoverer=Quimby, Castro, Mondol; DiscoveryRef=CBET 793; PositionRef=CBET  793; Orig Type=IIn  ]",""
"3958","SN 2006rx","23:43:10.289","-20:40:53.69","SN IIn","","Anon.           ","","","","","","","","0","1","","19","","2006-11-17 00:00:00","","[Discoverer=&quot;Nearby Supernova Factory&quot; collaboration; DiscoveryRef=CBET 768; PositionRef=CBET  768; Orig Type=IIn  ]",""
"3937","SN 2006rc","00:22:18.259","+27:53:19.90","SN IIn","","Anon.           ","","","","","","","","0","1","","19.8","","2006-10-24 00:00:00","","[Discoverer=&quot;Nearby Supernova Factory&quot; collaboration; DiscoveryRef=CBET 768; PositionRef=CBET  768; Orig Type=IIn  ]",""
"3927","SN 2006qt","03:40:02.719","-04:34:18.70","SN IIn","","Anon.           ","","","","","","","","0","1","","18.9","","2006-10-11 00:00:00","","[Discoverer=&quot;Nearby Supernova Factory&quot; collaboration; DiscoveryRef=CBET 768; PositionRef=CBET  768; Orig Type=IIn  ]",""
"3924","SN 2006qq","05:19:50.429","-20:58:06.38","SN IIn","","ESO 553-G36     ","","","","","","","","0","1","","17","","2006-11-30 00:00:00","","[Discoverer=Prasad, Li (LOSS); DiscoveryRef=CBET 766; PositionRef=CBET  766; Orig Type=IIn  ]",""
"3730","SN 2006jl","20:32:04.670","-00:34:28.31","SN IIn","","Anon.           ","","","","","","","","0","1","","19.8","","2006-09-29 00:00:00","","[Discoverer=Sloan Digital Sky Survey II; DiscoveryRef=CBET 680; PositionRef=CBET  680; Orig Type=IIn  ]",""
"3662","SN 2006gy","03:17:27.060","+41:24:19.51","SN IIn","","NGC 1260        ","","","","","","","","0","1","","15","","2006-09-18 00:00:00","","[Discoverer=Quimby; DiscoveryRef=CBET 644; PositionRef=IAUC 8754; Orig Type=IIn? ]",""
"3626","SN 2006fp","22:45:41.131","+73:09:47.81","SN IIn","","UGC 12182       ","","","","","","","","0","1","","17.7","","2006-09-17 00:00:00","","[Discoverer=Puckett, Gagliano; DiscoveryRef=CBET 625; PositionRef=IAUC 8750; Orig Type=IIn? ]",""
"3591","SN 2006eh","02:50:11.950","+47:03:20.48","SN IIn","","UGC 2308        ","","","","","","","","0","1","","18.2","","2006-08-20 00:00:00","","[Discoverer=LOSS; DiscoveryRef=CBET 600; PositionRef=IAUC 8741; Orig Type=IIn  ]",""
"3570","SN 2006dn","22:47:37.841","+39:52:46.81","SN IIn","0.017062","UGC 12188       ","","","ZTF","","","","","0","1","","17.8","","2006-07-05 00:00:00","","[Discoverer=LOSS; DiscoveryRef=CBET 571; PositionRef=IAUC 8728; Orig Type=Ib   ]",""
"3562","SN 2006df","21:49:57.670","+32:01:58.69","SN IIn","","Anon.           ","","","","","","","","0","1","","19.5","","2006-06-16 00:00:00","","[Discoverer=&quot;Nearby Supernova Factory&quot; collaboration; DiscoveryRef=CBET 556; PositionRef=IAUC 8725; Orig Type=IIn  ]",""
"3559","SN 2006dc","16:16:04.039","-22:37:16.72","SN IIn","","IC 4596         ","","","","","","","","0","1","","17.8","","2006-06-18 00:00:00","","[Discoverer=LOSS; DiscoveryRef=CBET 549; PositionRef=IAUC 8723; Orig Type=IIn  ]",""
"3558","SN 2006db","11:55:38.690","+44:23:01.39","SN IIn","","Anon.           ","","","","","","","","0","1","","17.2","","2006-06-16 00:00:00","","[Discoverer=Quimby, Mondol; DiscoveryRef=CBET 548; PositionRef=IAUC 8723; Orig Type=IIn  ]",""
"3554","SN 2006cy","13:08:01.229","+26:06:59.00","SN IIn","","Anon.           ","","","","","","","","0","1","","17.2","","2006-06-09 00:00:00","","[Discoverer=Quimby, Mondol; DiscoveryRef=CBET 544; PositionRef=IAUC 8721; Orig Type=IIn  ]",""
"3551","SN 2006cv","14:47:47.830","+23:17:58.60","SN IIn","","Anon.           ","","","","","","","","0","1","","19.1","","2006-06-01 00:00:00","","[Discoverer=&quot;Nearby Supernova Factory&quot; collaboration; DiscoveryRef=CBET 540; PositionRef=IAUC 8720; Orig Type=IIn  ]",""
"3550","SN 2006cu","14:47:43.310","+09:39:33.91","SN IIn","","Anon.           ","","","","","","","","0","1","","18.1","","2006-05-29 00:00:00","","[Discoverer=&quot;Nearby Supernova Factory&quot; collaboration; DiscoveryRef=CBET 538; PositionRef=IAUC 8720; Orig Type=IIn  ]",""
"3524","SN 2006bv","12:41:01.550","+63:31:11.60","SN IIn","","UGC 7848        ","","","","","","","","0","1","","17.8","","2006-04-28 00:00:00","","[Discoverer=Sehgal, Gagliano, Puckett; DiscoveryRef=CBET 493; PositionRef=IAUC 8705; Orig Type=IIn  ]",""
"3517","SN 2006bo","20:30:41.899","+09:11:40.81","SN IIn","","UGC 11578       ","","","","","","","","0","1","","17.6","","2006-04-05 00:00:00","","[Discoverer=Boles; DiscoveryRef=CBET 468; PositionRef=IAUC 8699; Orig Type=IIn  ]",""
"3488","SN 2006am","14:27:37.241","+41:15:35.39","SN IIn","","NGC 5630        ","","","","","","","","0","1","","18.5","","2006-02-22 00:00:00","","[Discoverer=LOSS; DiscoveryRef=CBET 412; PositionRef=IAUC 8680; Orig Type=IIn  ]",""
"3482","SN 2006ag","12:00:17.119","+28:36:22.00","SN IIn","","Anon.           ","","","","","","","","0","1","","17.9","","2006-02-09 00:00:00","","[Discoverer=&quot;Nearby Supernova Factory&quot; collaboration; DiscoveryRef=CBET 402; PositionRef=IAUC 8674; Orig Type=IIn  ]",""
"3476","SN 2006aa","11:53:19.891","+20:45:18.22","SN IIn","","NGC 3947        ","","","","","","","","0","1","","18.1","","2006-02-08 00:00:00","","[Discoverer=LOSS; DiscoveryRef=CBET 395; PositionRef=IAUC 8669; Orig Type=IIn  ]",""
"3799","SN 2006M","13:27:19.759","+31:47:14.50","SN IIn","","Anon.           ","","","","","","","","0","1","","18.5","","2006-01-17 00:00:00","","[Discoverer=&quot;Nearby Supernova Factory&quot; collaboration; DiscoveryRef=CBET 374; PositionRef=IAUC 8661; Orig Type=IIn  ]",""
"3772","SN 2006L","13:07:11.760","+28:38:46.21","SN IIn","","Anon.           ","","","","","","","","0","1","","19.9","","2006-01-17 00:00:00","","[Discoverer=&quot;Nearby Supernova Factory&quot; collaboration; DiscoveryRef=CBET 374; PositionRef=IAUC 8661; Orig Type=IIn  ]",""
"3452","SN 2005mt","10:24:12.900","-03:44:50.60","SN IIn","","Anon.           ","","","","","","","","0","1","","18","","2005-02-03 00:00:00","","[Discoverer=&quot;Nearby Supernova Factory&quot; collaboration; DiscoveryRef=CBET 344; PositionRef=IAUC 8651; Orig Type=IIn  ]",""
"3442","SN 2005mj","21:31:49.440","-01:04:09.80","SN IIn","","Anon.           ","","","","","","","","0","1","","22.5","","2005-11-03 00:00:00","","[Discoverer=Sloan Digital Sky Survey II; DiscoveryRef=CBET 339; PositionRef=CBET  339; Orig Type=IIn? ]",""
"3433","SN 2005ma","04:49:53.909","-10:45:23.40","SN IIn","","MCG -02-13-13   ","","","","","","","","0","1","","17.9","","2005-12-24 00:00:00","","[Discoverer=Puckett, Orff; DiscoveryRef=CBET 329; PositionRef=IAUC 8647; Orig Type=IIn? ]",""
"3430","SN 2005ly","01:23:28.841","+30:46:45.70","SN IIn","","UGC 934         ","","","","","","","","0","1","","18.6","","2005-12-21 00:00:00","","[Discoverer=Puckett, Sostero; DiscoveryRef=CBET 325; PositionRef=IAUC 8646; Orig Type=IIn  ]",""
"3388","SN 2005kj","08:40:09.180","-05:36:02.20","SN IIn","","Anon.           ","","","","","","","","0","1","","16.3","","2005-11-17 00:00:00","","[Discoverer=&quot;Nearby Supernova Factory&quot; collaboration; DiscoveryRef=IAUC 8632; PositionRef=CBET  296; Orig Type=IIn  ]",""
"3382","SN 2005kd","04:03:16.879","+71:43:18.91","SN IIn","","Anon.           ","","","","","","","","0","1","","17","","2005-11-12 00:00:00","","[Discoverer=Puckett, Pelloni; DiscoveryRef=IAUC 8630; PositionRef=CBET  285; Orig Type=IIn  ]",""
"3369","SN 2005jr","01:00:12.370","+00:20:26.92","SN IIn","","Anon.           ","","","","","","","","0","1","","22.1","","2005-10-30 00:00:00","","[Discoverer=Sloan Digital Sky Survey II; DiscoveryRef=CBET 280; PositionRef=CBET  280; Orig Type=IIn  ]",""
"3368","SN 2005jq","20:29:47.681","+01:08:33.68","SN IIn","","Anon.           ","","","","","","","","0","1","","21.3","","2005-10-30 00:00:00","","[Discoverer=Sloan Digital Sky Survey II; DiscoveryRef=CBET 280; PositionRef=CBET  280; Orig Type=IIn  ]",""
"3284","SN 2005gn","05:48:49.070","-24:22:45.52","SN IIn","","ESO 488-G30     ","","","","","","","","0","1","","18.4","","2005-10-12 00:00:00","","[Discoverer=Lick Observatory Supernova Survey; DiscoveryRef=CBET 252; PositionRef=IAUC 8616; Orig Type=IIn  ]",""
"3282","SN 2005gl","00:49:50.021","+32:16:56.78","SN IIn","","NGC 266         ","","","","","","","","0","1","","18.2","","2005-10-05 00:00:00","","[Discoverer=Puckett, Ceravolo; DiscoveryRef=CBET 250; PositionRef=IAUC 8615; Orig Type=IIn  ]",""
"3232","SN 2005ep","16:56:35.489","+58:01:30.22","SN IIn","","UGC 10626       ","","","","","","","","0","1","","18","","2005-09-30 00:00:00","","[Discoverer=Puckett, Peoples; DiscoveryRef=CBET 238; PositionRef=IAUC 8607; Orig Type=IIn  ]",""
"3208","SN 2005ds","17:57:39.890","+27:50:18.38","SN IIn","","UGC 11064       ","","","","","","","","0","1","","18.7","","2005-08-31 00:00:00","","[Discoverer=Lick Observatory Supernova Survey; DiscoveryRef=CBET 210; PositionRef=IAUC 8592; Orig Type=IIn  ]",""
"3191","SN 2005db","00:41:26.791","+25:29:51.61","SN IIn","","NGC 214         ","","","","","","","","0","1","","17.3","","2005-07-19 00:00:00","","[Discoverer=Monard; DiscoveryRef=CBET 182; PositionRef=IAUC 8571; Orig Type=IIn  ]",""
"3178","SN 2005cp","23:59:30.881","+18:12:09.61","SN IIn","","UGC 12886       ","","","","","","","","0","1","","17.4","","2005-06-21 00:00:00","","[Discoverer=Lick Observatory Supernova Survey; DiscoveryRef=IAUC 8550; PositionRef=IAUC 8550; Orig Type=IIn  ]",""
"3174","SN 2005cl","21:02:02.350","-06:17:35.70","SN IIn","","MCG -01-53-20   ","","","","","","","","0","1","","18.3","","2005-06-12 00:00:00","","[Discoverer=Lick Observatory Supernova Survey; DiscoveryRef=IAUC 8544; PositionRef=IAUC 8544; Orig Type=IIn  ]",""
"3130","SN 2005av","20:44:37.579","-68:45:10.58","SN IIn","","NGC 6943        ","","","","","","","","0","1","","15.4","","2005-03-24 00:00:00","","[Discoverer=Monard; DiscoveryRef=CBET 126; PositionRef=IAUC 8499; Orig Type=IIn  ]",""
"3125","SN 2005aq","04:31:38.820","-04:35:06.79","SN IIn","","NGC 1599        ","","","","","","","","0","1","","17.3","","2005-03-07 00:00:00","","[Discoverer=Lick Observatory Supernova Survey; DiscoveryRef=IAUC 8492; PositionRef=IAUC 8492; Orig Type=IIn  ]",""
"3466","SN 2005R","11:14:56.810","+33:49:35.69","SN IIn","","UGC 6274        ","","","","","","","","0","1","","17.4","","2005-01-13 00:00:00","","[Discoverer=Boles; DiscoveryRef=IAUC 8473; PositionRef=IAUC 8473; Orig Type=IIn  ]",""
"3023","SN 2004gd","07:09:11.710","+20:36:10.58","SN IIn","","NGC 2341        ","","","","","","","","0","1","","17.3","","2004-11-06 00:00:00","","[Discoverer=Lick Observatory Supernova Survey; DiscoveryRef=IAUC 8443; PositionRef=IAUC 8443; Orig Type=IIn  ]",""
"2968","SN 2004ec","17:08:04.961","+26:22:44.40","SN IIn","","UGC 10717       ","","","","","","","","0","1","","17.5","","2004-08-29 00:00:00","","[Discoverer=Boles; DiscoveryRef=IAUC 8396; PositionRef=IAUC 8396; Orig Type=IIn  ]",""
"2882","SN 2004ay","18:28:57.569","+51:38:55.72","SN IIn","","UGC 11255       ","","","","","","","","0","1","","18.1","","2004-03-23 00:00:00","","[Discoverer=Boles; DiscoveryRef=IAUC 8311; PositionRef=IAUC 8311; Orig Type=IIn  ]",""
"2843","SN 2003ma","05:31:01.879","-70:04:15.89","SN IIn","","Anon.           ","","","","","","","","0","1","","20.5","","2003-12-13 00:00:00","","[Discoverer=Rest et al. (SuperMACHO); DiscoveryRef=IAUC 9092; PositionRef=IAUC 9092; Orig Type=IIn  ]",""
"2830","SN 2003lo","03:37:05.119","-05:02:17.30","SN IIn","","NGC 1376        ","","","","","","","","0","1","","17.2","","2003-12-31 00:00:00","","[Discoverer=Puckett, Kerns; DiscoveryRef=IAUC 8261; PositionRef=IAUC 8261; Orig Type=IIn  ]",""
"2793","SN 2003ke","09:45:52.961","+34:41:01.39","SN IIn","","MCG +06-22-9    ","","","","","","","","0","1","","18.2","","2003-11-23 00:00:00","","[Discoverer=Lick Observatory Supernova Survey; DiscoveryRef=IAUC 8243; PositionRef=IAUC 8243; Orig Type=IIn  ]",""
"2769","SN 2003jh","04:16:37.301","-12:23:32.89","SN IIn","","MCG -02-11-30   ","","","","","","","","0","1","","17.8","","2003-10-29 00:00:00","","[Discoverer=Lick Observatory Supernova Survey; DiscoveryRef=IAUC 8236; PositionRef=IAUC 8236; Orig Type=IIn  ]",""
"2732","SN 2003hy","21:54:22.721","+15:09:37.80","SN IIn","","IC 5145         ","","","","","","","","0","1","","16.6","","2003-09-14 00:00:00","","[Discoverer=Boles; Armstrong; DiscoveryRef=IAUC 8200; PositionRef=IAUC 8200; Orig Type=IIn? ]",""
"2695","SN 2003go","19:52:47.681","-19:11:28.21","SN IIn","","Anon.           ","","","","","","","","0","1","","18.6","","2003-07-22 00:00:00","","[Discoverer=LOTOSS; DiscoveryRef=IAUC 8168; PositionRef=IAUC 8168; Orig Type=IIn  ]",""
"2635","SN 2003ei","16:28:40.301","+12:46:05.81","SN IIn","","UGC 10402       ","","","","","","","","0","1","","17.2","","2003-05-19 00:00:00","","[Discoverer=LOTOSS; DiscoveryRef=IAUC 8134; PositionRef=IAUC 8134; Orig Type=IIn  ]",""
"2631","SN 2003ee","11:33:24.499","-09:59:26.41","SN IIn","","Anon.           ","","","","","","","","0","1","","16.5","","2003-03-28 00:00:00","","[Discoverer=NEAT/Wood-Vasey et al.; DiscoveryRef=IAUC 8130; PositionRef=IAUC 8130; Orig Type=IIn  ]",""
"2621","SN 2003dv","14:58:04.920","+58:52:49.91","SN IIn","","UGC 9638        ","","","","","","","","0","1","","16.2","","2003-04-22 00:00:00","","[Discoverer=LOTOSS; DiscoveryRef=IAUC 8121; PositionRef=IAUC 8121; Orig Type=IIn  ]",""
"2537","SN 2003as","05:28:45.809","+49:52:59.09","SN IIn","","MCG +08-10-7    ","","","","","","","","0","1","","16.8","","2003-02-13 00:00:00","","[Discoverer=Boles; DiscoveryRef=IAUC 8073; PositionRef=IAUC 8073; Orig Type=IIn  ]",""
"2680","SN 2003G","02:08:28.130","+06:23:51.90","SN IIn","","IC 208          ","","","","","","","","0","1","","16.2","","2003-01-08 00:00:00","","[Discoverer=LOTOSS; DiscoveryRef=IAUC 8045; PositionRef=IAUC 8045; Orig Type=IIn  ]",""
"2461","SN 2002kg","07:37:01.831","+65:34:29.32","SN IIn","","NGC 2403        ","","","","","","","","0","1","","19","","2002-10-26 00:00:00","","[Discoverer=LOTOSS; DiscoveryRef=IAUC 8051; PositionRef=IAUC 8051; Orig Type=IIn  ]",""
"2382","SN 2002hi","07:19:54.079","+17:58:18.19","SN IIn","","Anon.           ","","","","","","","","0","1","","17.9","","2002-10-21 00:00:00","","[Discoverer=LOTOSS; DiscoveryRef=IAUC 8006; PositionRef=IAUC 8006; Orig Type=IIn  ]",""
"2329","SN 2002fj","08:40:45.101","-04:07:38.50","SN IIn","","NGC 2642        ","","","","","","","","0","1","","15.8","","2002-09-12 00:00:00","","[Discoverer=Monard; DiscoveryRef=IAUC 7973; PositionRef=IAUC 7973; Orig Type=IIn  ]",""
"2293","SN 2002ea","02:08:25.080","+14:20:52.80","SN IIn","","NGC 820         ","","","","","","","","0","1","","17.7","","2002-07-21 00:00:00","","[Discoverer=Puckett, Newton; DiscoveryRef=IAUC 7935; PositionRef=IAUC 7936; Orig Type=IIn  ]",""
"2240","SN 2002cb","13:04:23.969","+47:35:53.20","SN IIn","","MCG +08-24-34   ","","","","","","","","0","1","","17","","2002-04-07 00:00:00","","[Discoverer=Boles; DiscoveryRef=IAUC 7870; PositionRef=IAUC 7870; Orig Type=IIn  ]",""
"2233","SN 2002bv","07:50:01.130","+30:01:32.20","SN IIn","","UGC 4042        ","","","","","","","","0","1","","17.8","","2002-03-29 00:00:00","","[Discoverer=LOTOSS; DiscoveryRef=IAUC 7864; PositionRef=IAUC 7864; Orig Type=IIn  ]",""
"2221","SN 2002bj","05:11:46.411","-15:08:10.79","SN IIn","","NGC 1821        ","","","","","","","","0","1","","14.8","","2002-02-28 00:00:00","","[Discoverer=Puckett, Newton; LOTOSS; DiscoveryRef=IAUC 7839; PositionRef=IAUC 7839; Orig Type=IIn  ]",""
"2184","SN 2002A","07:22:36.139","+71:35:41.50","SN IIn","","UGC 3804        ","","","","","","","","0","1","","17.4","","2002-01-01 00:00:00","","[Discoverer=Beijing Supernova Survey; DiscoveryRef=IAUC 7786; PositionRef=IAUC 7786; Orig Type=IIn  ]",""
"2111","SN 2001ir","08:36:28.121","-11:50:03.52","SN IIn","","MCG -02-22-22   ","","","","","","","","0","1","","17.5","","2001-12-19 00:00:00","","[Discoverer=LOTOSS; DiscoveryRef=IAUC 7781; PositionRef=IAUC 7781; Orig Type=IIn  ]",""
"2013","SN 2001fa","01:48:22.219","+11:31:34.39","SN IIn","","NGC 673         ","","","","","","","","0","1","","16.9","","2001-10-18 00:00:00","","[Discoverer=Lick &amp; Tenagra Observatories Supernova Search; DiscoveryRef=IAUC 7737; PositionRef=IAUC 7737; Orig Type=IIn  ]",""
"2010","SN 2001ey","22:26:30.770","-06:23:28.61","SN IIn","","MCG -01-57-10   ","","","","","","","","0","1","","17.6","","2001-10-16 00:00:00","","[Discoverer=Puckett, Marcus; DiscoveryRef=IAUC 7735; PositionRef=IAUC 7735; Orig Type=IIn  ]",""
"1880","SN 2001ac","11:03:15.370","+27:58:29.50","SN IIn","","NGC 3504        ","","","","","","","","0","1","","18.2","","2001-03-12 00:00:00","","[Discoverer=Lick &amp; Tenagra Observatories Supernova Search; DiscoveryRef=IAUC 7596; PositionRef=IAUC 7596; Orig Type=IIn? ]",""
"2093","SN 2001I","03:43:57.281","+39:17:39.41","SN IIn","","UGC 2836        ","","","","","","","","0","1","","17.2","","2001-01-15 00:00:00","","[Discoverer=Lick &amp; Tenagra Observatories Supernova Search; DiscoveryRef=IAUC 7563; PositionRef=IAUC 7563; Orig Type=IIn  ]",""
"1823","SN 2000ev","06:47:52.001","+84:10:02.21","SN IIn","","                ","","","","","","","","0","1","","16.5","","2000-11-27 00:00:00","","[Discoverer=Manzini; DiscoveryRef=IAUC 7529; PositionRef=IAUC 7532; Orig Type=IIn  ]",""
"1816","SN 2000eo","03:09:08.170","-10:17:55.28","SN IIn","","MCG -2-9-3      ","","","","","","","","0","1","","19.2","","2000-11-16 00:00:00","","[Discoverer=Nearby Galaxies Supernova Search; Lick &amp; Tenagra Observatories Supernova Search; DiscoveryRef=IAUC 7524; PositionRef=IAUC 7524; Orig Type=IIn  ]",""
"1767","SN 2000ct","17:01:03.641","+33:28:45.01","SN IIn","","Anon.           ","","","","","","","","0","1","","17.5","","2000-07-04 00:00:00","","[Discoverer=Sehgal, Puckett, Newton; DiscoveryRef=IAUC 7448; PositionRef=IAUC 7448; Orig Type=IIn  ]",""
"1759","SN 2000cl","10:37:16.070","-41:37:47.78","SN IIn","","NGC 3318        ","","","","","","","","0","1","","14.8","","2000-05-26 00:00:00","","[Discoverer=Chassagne; DiscoveryRef=IAUC 7432; PositionRef=IAUC 7432; Orig Type=IIn  ]",""
"1755","SN 2000ch","10:52:41.400","+36:40:08.51","SN IIn","","NGC 3432        ","","","","","","","","0","1","","17.4","","2000-05-03 00:00:00","","[Discoverer=Lick Observatory Supernova Search; DiscoveryRef=IAUC 7415; PositionRef=IAUC 7415; Orig Type=IIn  ]",""
"1751","SN 2000cd","10:56:48.691","-05:34:40.80","SN IIn","","Anon.           ","","","","","","","","0","1","","18.2","","2000-03-24 00:00:00","","[Discoverer=Nearby Galaxies Supernova Search Team; DiscoveryRef=IAUC 7416; PositionRef=IAUC 7416; Orig Type=IIn  ]",""
"1727","SN 2000bg","16:52:58.130","+02:23:50.50","SN IIn","","NGC 6240        ","","","","","","","","0","1","","17.4","","2000-04-01 00:00:00","","[Discoverer=Lick Observatory Supernova Search; DiscoveryRef=IAUC 7392; PositionRef=IAUC 7392; Orig Type=IIn  ]",""
"1866","SN 2000P","13:07:10.529","-28:14:02.51","SN IIn","","NGC 4965        ","","","","","","","","0","1","","14.1","","2000-03-08 00:00:00","","[Discoverer=Chassagne; DiscoveryRef=IAUC 7378; PositionRef=IAUC 7378; Orig Type=IIn  ]",""
"1651","SN 1999gb","08:10:13.699","+33:57:29.81","SN IIn","","NGC 2532        ","","","","","","","","0","1","","16.1","","1999-11-22 00:00:00","","[Discoverer=Lick Observatory Supernova Search; DiscoveryRef=IAUC 7316; PositionRef=IAUC 7316; Orig Type=IIn  ]",""
"1620","SN 1999ey","00:58:03.350","-27:40:33.38","SN IIn","","Anon.           ","","","","","","","","0","1","","20.3","","1999-11-10 00:00:00","","[Discoverer=Benetti et al. (STRESS); DiscoveryRef=IAUC 7310; PositionRef=IAUC 7310; Orig Type=IIn  ]",""
"1607","SN 1999el","20:37:17.719","+66:06:11.48","SN IIn","","NGC 6951        ","","","","","","","","0","1","","15.4","","1999-10-20 00:00:00","","[Discoverer=Beijing Observatory Supernova Survey; DiscoveryRef=IAUC 7288; PositionRef=IAUC 7303; Orig Type=IIn  ]",""
"1597","SN 1999eb","01:43:45.451","+04:13:25.90","SN IIn","","NGC 664         ","","","","","","","","0","1","","16.2","","1999-10-02 00:00:00","","[Discoverer=Lick Observatory Supernova Search; DiscoveryRef=IAUC 7268; PositionRef=IAUC 7268; Orig Type=IIn  ]",""
"1537","SN 1999bw","10:19:46.810","+45:31:35.00","SN IIn","","NGC 3198        ","","","","","","","","0","1","","17.8","","1999-04-20 00:00:00","","[Discoverer=Lick Observatory Supernova Search; DiscoveryRef=IAUC 7149; PositionRef=IAUC 7149; Orig Type=IIn  ]",""
"1692","SN 1999Z","10:22:37.231","+27:21:19.80","SN IIn","","UGC 5608        ","","","","","","","","0","1","","16.2","","1999-02-08 00:00:00","","[Discoverer=Schwartz; DiscoveryRef=IAUC 7106; PositionRef=IAUC 7106; Orig Type=IIn  ]",""
"1595","SN 1999E","13:17:16.370","-18:33:13.39","SN IIn","","Anon.           ","","","","","","","","0","1","","18","","1999-01-15 00:00:00","","[Discoverer=Antezana; DiscoveryRef=IAUC 7089; PositionRef=IAUC 7089; Orig Type=IIn  ]",""
"1399","SN 1998ct","15:51:11.669","+21:56:35.99","SN IIn","","UGC 10062       ","","","","","","","","0","1","","16.1","","1998-06-30 00:00:00","","[Discoverer=Schwartz; DiscoveryRef=IAUC 6957; PositionRef=IAUC 6957; Orig Type=IIn  ]",""
"1433","SN 1998E","13:29:02.000","+33:10:00.00","SN IIn","","NGC 5161        ","","","","","","","","0","1","","16.5","","1998-01-29 00:00:00","","[Discoverer=Woodings, Martin, Williams; DiscoveryRef=IAUC 6817; PositionRef=; Orig Type=IIn  ]  RA,DEC set on 2019-09-18 according to the data on http://www.rochesterastronomy.org",""
"1235","SN 1997cs","15:13:39.780","+02:53:44.48","SN IIn","","Anon.           ","","","","","","","","0","1","","18","","1997-06-26 00:00:00","","[Discoverer=Mueller; DiscoveryRef=IAUC 6689; PositionRef=IAUC 6689; Orig Type=IIn  ]",""
"1233","SN 1997cq","16:29:50.861","+39:45:20.30","SN IIn","","Anon.           ","","","","","","","","0","1","","19.2","","1997-06-02 00:00:00","","[Discoverer=McDonald Observatory Supernova Search Team; DiscoveryRef=IAUC 6674; PositionRef=IAUC 6674; Orig Type=IIn  ]",""
"1228","SN 1997cl","13:54:18.710","-27:44:27.89","SN IIn","","Anon.           ","","","","","","","","0","1","","18.3","","1997-05-02 00:00:00","","[Discoverer=Mount Stromlo Abell Cluster Supernova Search Team; DiscoveryRef=IAUC 6647; PositionRef=IAUC 6647; Orig Type=IIn  ]",""
"1208","SN 1997bs","11:20:14.251","+12:58:19.60","SN IIn","","NGC 3627        ","","","","","","","","0","1","","17","","1997-04-15 00:00:00","","[Discoverer=Lick Observatory Supernova Search; DiscoveryRef=IAUC 6627; PositionRef=IAUC 6632; Orig Type=IIn? ]",""
"1138","SN 1996cr","14:13:10.010","-65:20:44.41","SN IIn","","ESO 97-G13      ","","","","","","","","0","1","","15.8","","1996-03-16 00:00:00","","[Discoverer=Bauer; DiscoveryRef=CBET 879; PositionRef=CBET  879; Orig Type=IIn  ]",""
"1114","SN 1996bu","11:20:59.299","+53:12:08.39","SN IIn","","NGC 3631        ","","","","","","","","0","1","","17.3","","1996-11-14 00:00:00","","[Discoverer=Kushida; DiscoveryRef=IAUC 6505; PositionRef=IAUC 6505; Orig Type=IIn  ]",""
"1071","SN 1996ae","14:53:59.810","+03:31:46.31","SN IIn","","NGC 5775        ","","","","","","","","0","1","","16.5","","1996-05-21 00:00:00","","[Discoverer=Vagnozzi, Piermarini, Russo; DiscoveryRef=IAUC 6409; PositionRef=IAUC 6409; Orig Type=IIn  ]",""
"1147","SN 1996L","11:38:37.800","-43:25:13.80","SN IIn","","ESO 266-G10     ","","","","","","","","0","1","","18.5","","1996-03-19 00:00:00","","[Discoverer=McNaught; DiscoveryRef=IAUC 6346; PositionRef=IAUC 6346; Orig Type=IIn  ]",""
"1009","SN 1995aa","22:59:09.730","-04:30:57.31","SN IIn","","Anon.           ","","","","","","","","0","1","","19.8","","1995-09-02 00:00:00","","[Discoverer=Pollas; DiscoveryRef=IAUC 6236; PositionRef=IAUC 6236; Orig Type=IIn  ]",""
"1053","SN 1995N","14:49:28.270","-10:10:15.38","SN IIn","","MCG -02-38-17   ","","","","","","","","0","1","","17.5","","1995-05-05 00:00:00","","[Discoverer=Pollas; DiscoveryRef=IAUC 6170; PositionRef=IAUC 6160; Orig Type=IIn  ]",""
"978","SN 1994ak","09:14:01.469","+40:06:21.49","SN IIn","","NGC 2782        ","","","","","","","","0","1","","16.3","","1994-12-24 00:00:00","","[Discoverer=Kushida; DiscoveryRef=IAUC 6122; PositionRef=IAUC 6123; Orig Type=IIn  ]",""
"1006","SN 1994Y","13:55:36.910","+40:27:53.60","SN IIn","","NGC 5371        ","","","","","","","","0","1","","15","","1994-08-19 00:00:00","","[Discoverer=Wren; DiscoveryRef=IAUC 6058; PositionRef=IAUC 6065; Orig Type=IIn  ]",""